DonationID,AlumniID,DonationAmount,DonationDate,DonationMethod,CampaignName,Currency
DON0001,ALU0910,2538.22,8/26/2022,Check,Annual Giving 2023,USD
DON0002,ALU1106,4690.39,12/20/2021,Bank Transfer,Annual Giving 2023,USD
DON0003,ALU0498,2858.77,8/14/2021,PayPal,Annual Giving 2023,USD
DON0004,ALU0224,930.81,3/20/2023,Check,Global Outreach 2024,USD
DON0005,ALU1339,2382.85,3/22/2024,Check,Alumni Reunion Drive,USD
DON0006,ALU1634,2315.66,12/12/2020,Bank Transfer,Alumni Reunion Drive,USD
DON0007,ALU0684,810.77,12/1/2023,Bank Transfer,Global Outreach 2024,USD
DON0008,ALU0542,2621.9,5/19/2023,Cash,Annual Giving 2023,USD
DON0009,ALU1401,2765.87,6/19/2022,PayPal,SLU Scholarship Fund,USD
DON0010,ALU0636,2558.36,2/21/2022,Check,STEM Innovation Campaign,USD
DON0011,ALU1398,187.46,11/11/2022,Check,Alumni Reunion Drive,USD
DON0012,ALU0195,1133.67,3/19/2021,PayPal,Annual Giving 2023,USD
DON0013,ALU1873,747.32,7/26/2025,PayPal,Global Outreach 2024,USD
DON0014,ALU1393,1119.95,1/26/2023,Credit Card,Global Outreach 2024,USD
DON0015,ALU0701,4599.27,8/31/2024,Cash,Alumni Reunion Drive,USD
DON0016,ALU0384,1909.53,2/27/2023,Credit Card,SLU Scholarship Fund,USD
DON0017,ALU1438,4970.84,1/26/2023,Check,Alumni Reunion Drive,USD
DON0018,ALU1980,3164.55,8/18/2023,Cash,Global Outreach 2024,USD
DON0019,ALU0997,4658.44,7/1/2021,PayPal,SLU Scholarship Fund,USD
DON0020,ALU0149,4192.77,6/20/2021,Bank Transfer,Global Outreach 2024,USD
DON0021,ALU1880,2072.57,3/4/2023,Cash,SLU Scholarship Fund,USD
DON0022,ALU0438,3482.22,2/10/2024,Credit Card,Health Sciences Fundraiser,USD
DON0023,ALU1098,4998.83,12/27/2023,Check,STEM Innovation Campaign,USD
DON0024,ALU0067,2049.42,6/30/2023,PayPal,Health Sciences Fundraiser,USD
DON0025,ALU0616,1821.6,4/12/2024,Credit Card,Global Outreach 2024,USD
DON0026,ALU0421,2418.19,8/22/2022,Credit Card,SLU Scholarship Fund,USD
DON0027,ALU1358,2895.97,11/29/2023,Cash,Annual Giving 2023,USD
DON0028,ALU1862,2692.95,11/21/2021,Credit Card,Global Outreach 2024,USD
DON0029,ALU1232,3503.5,1/9/2023,Credit Card,Global Outreach 2024,USD
DON0030,ALU0538,4676.7,1/15/2024,Credit Card,Annual Giving 2023,USD
DON0031,ALU1314,3519.85,10/21/2025,Bank Transfer,Global Outreach 2024,USD
DON0032,ALU1521,3465.03,8/28/2021,Credit Card,Health Sciences Fundraiser,USD
DON0033,ALU0497,2490.42,6/16/2024,Check,Health Sciences Fundraiser,USD
DON0034,ALU0490,4798.52,10/29/2023,Bank Transfer,Health Sciences Fundraiser,USD
DON0035,ALU0292,776.29,1/1/2024,Cash,Global Outreach 2024,USD
DON0036,ALU1722,1679.96,9/26/2022,Credit Card,Annual Giving 2023,USD
DON0037,ALU1772,2088,8/16/2022,Cash,SLU Scholarship Fund,USD
DON0038,ALU0484,2450.6,1/2/2025,PayPal,Alumni Reunion Drive,USD
DON0039,ALU0354,3299.39,5/19/2024,PayPal,SLU Scholarship Fund,USD
DON0040,ALU1258,2089.61,1/29/2021,Cash,STEM Innovation Campaign,USD
DON0041,ALU1557,1944.97,2/29/2024,Credit Card,SLU Scholarship Fund,USD
DON0042,ALU0388,3376.23,11/6/2023,Check,SLU Scholarship Fund,USD
DON0043,ALU0272,2410.18,12/13/2023,PayPal,Health Sciences Fundraiser,USD
DON0044,ALU1176,1085.49,1/25/2021,Check,Health Sciences Fundraiser,USD
DON0045,ALU0707,277.48,9/1/2021,Bank Transfer,Health Sciences Fundraiser,USD
DON0046,ALU1177,4402.4,10/19/2023,Credit Card,Annual Giving 2023,USD
DON0047,ALU0440,103.69,6/25/2021,Credit Card,STEM Innovation Campaign,USD
DON0048,ALU0579,860.15,1/14/2021,Check,SLU Scholarship Fund,USD
DON0049,ALU1211,1391.27,7/15/2023,Bank Transfer,STEM Innovation Campaign,USD
DON0050,ALU0350,254.67,10/4/2024,Bank Transfer,Health Sciences Fundraiser,USD
DON0051,ALU1591,1689.11,10/8/2025,PayPal,Alumni Reunion Drive,USD
DON0052,ALU0121,4871.15,9/12/2025,Credit Card,Annual Giving 2023,USD
DON0053,ALU0753,3262.92,11/13/2020,Check,STEM Innovation Campaign,USD
DON0054,ALU0284,2719.27,12/21/2024,PayPal,Global Outreach 2024,USD
DON0055,ALU0298,4638.8,9/10/2023,Credit Card,Health Sciences Fundraiser,USD
DON0056,ALU0763,2691.96,6/19/2025,PayPal,SLU Scholarship Fund,USD
DON0057,ALU1661,3181.16,8/1/2022,Bank Transfer,Global Outreach 2024,USD
DON0058,ALU0702,3043.14,6/5/2022,PayPal,Health Sciences Fundraiser,USD
DON0059,ALU1991,590.48,10/3/2024,Check,STEM Innovation Campaign,USD
DON0060,ALU1729,4564.53,3/30/2022,Credit Card,Health Sciences Fundraiser,USD
DON0061,ALU0048,3947.9,4/11/2021,PayPal,Alumni Reunion Drive,USD
DON0062,ALU0466,147.13,1/28/2025,Bank Transfer,Annual Giving 2023,USD
DON0063,ALU1536,4420.41,11/22/2024,PayPal,Alumni Reunion Drive,USD
DON0064,ALU0332,1891.19,6/28/2024,PayPal,Annual Giving 2023,USD
DON0065,ALU0613,1251.77,7/26/2025,Credit Card,Global Outreach 2024,USD
DON0066,ALU0251,3178.64,2/12/2024,Credit Card,STEM Innovation Campaign,USD
DON0067,ALU1314,1825.84,10/15/2024,Credit Card,Alumni Reunion Drive,USD
DON0068,ALU0823,751.15,5/2/2022,Bank Transfer,SLU Scholarship Fund,USD
DON0069,ALU1365,3280.48,4/29/2025,Check,Annual Giving 2023,USD
DON0070,ALU0409,3554.95,6/23/2025,Credit Card,STEM Innovation Campaign,USD
DON0071,ALU1887,3066.31,1/28/2025,Credit Card,Annual Giving 2023,USD
DON0072,ALU0568,3698.01,5/29/2021,PayPal,Alumni Reunion Drive,USD
DON0073,ALU1033,3052.35,10/24/2025,Bank Transfer,Annual Giving 2023,USD
DON0074,ALU1606,4692.99,4/7/2024,Credit Card,Health Sciences Fundraiser,USD
DON0075,ALU1419,4877.32,3/6/2022,PayPal,Global Outreach 2024,USD
DON0076,ALU0542,1552.64,7/22/2023,Bank Transfer,Health Sciences Fundraiser,USD
DON0077,ALU1437,2718.5,1/30/2025,Check,Health Sciences Fundraiser,USD
DON0078,ALU0996,1805.51,8/8/2022,PayPal,Health Sciences Fundraiser,USD
DON0079,ALU1240,630.6,1/19/2021,Cash,Annual Giving 2023,USD
DON0080,ALU0387,3863.64,4/17/2021,Check,Annual Giving 2023,USD
DON0081,ALU1891,4345.45,5/14/2021,Check,SLU Scholarship Fund,USD
DON0082,ALU0585,650.41,2/15/2022,PayPal,Health Sciences Fundraiser,USD
DON0083,ALU1739,51.5,2/27/2021,Check,Annual Giving 2023,USD
DON0084,ALU0306,4483.63,3/17/2024,Bank Transfer,STEM Innovation Campaign,USD
DON0085,ALU0048,110.62,10/18/2023,Bank Transfer,Global Outreach 2024,USD
DON0086,ALU0412,779.63,4/27/2025,PayPal,Alumni Reunion Drive,USD
DON0087,ALU0544,3521.95,5/3/2022,Credit Card,Health Sciences Fundraiser,USD
DON0088,ALU0710,2416.87,3/29/2023,Bank Transfer,Annual Giving 2023,USD
DON0089,ALU1492,3914.95,2/11/2022,Check,Health Sciences Fundraiser,USD
DON0090,ALU0773,2354.81,11/26/2022,PayPal,Alumni Reunion Drive,USD
DON0091,ALU0680,2696.76,5/13/2025,Check,STEM Innovation Campaign,USD
DON0092,ALU1588,1249.28,6/1/2025,Check,Global Outreach 2024,USD
DON0093,ALU1524,2407.94,1/25/2025,Check,STEM Innovation Campaign,USD
DON0094,ALU0716,438.25,12/28/2023,Check,SLU Scholarship Fund,USD
DON0095,ALU1235,327.58,4/24/2021,Cash,Global Outreach 2024,USD
DON0096,ALU0024,302.75,9/14/2025,Credit Card,Health Sciences Fundraiser,USD
DON0097,ALU0235,931.46,6/2/2024,PayPal,Alumni Reunion Drive,USD
DON0098,ALU1254,3703.62,10/23/2023,Bank Transfer,Alumni Reunion Drive,USD
DON0099,ALU1570,319.32,5/9/2024,Bank Transfer,Health Sciences Fundraiser,USD
DON0100,ALU0945,2292.1,1/28/2024,Credit Card,Global Outreach 2024,USD
DON0101,ALU0021,145.85,7/8/2022,Bank Transfer,Annual Giving 2023,USD
DON0102,ALU1122,4226.36,12/3/2020,PayPal,SLU Scholarship Fund,USD
DON0103,ALU0298,881.51,4/12/2024,Credit Card,SLU Scholarship Fund,USD
DON0104,ALU1448,3952.7,3/9/2023,Bank Transfer,SLU Scholarship Fund,USD
DON0105,ALU1160,4659.03,7/9/2022,Check,Annual Giving 2023,USD
DON0106,ALU0881,1072,5/14/2021,PayPal,Health Sciences Fundraiser,USD
DON0107,ALU1468,1281.38,4/8/2023,Check,Alumni Reunion Drive,USD
DON0108,ALU0174,1664,5/22/2024,Cash,STEM Innovation Campaign,USD
DON0109,ALU0414,3753.07,5/6/2025,Cash,STEM Innovation Campaign,USD
DON0110,ALU0704,577.04,8/18/2021,Cash,Health Sciences Fundraiser,USD
DON0111,ALU1317,3922.57,11/30/2023,Check,Health Sciences Fundraiser,USD
DON0112,ALU0701,37.18,6/19/2025,Check,Global Outreach 2024,USD
DON0113,ALU0179,2622.55,5/3/2024,Bank Transfer,Global Outreach 2024,USD
DON0114,ALU1181,2968.64,12/12/2022,PayPal,Global Outreach 2024,USD
DON0115,ALU0354,2996.73,12/24/2023,Cash,Annual Giving 2023,USD
DON0116,ALU0402,719.13,1/27/2025,Bank Transfer,STEM Innovation Campaign,USD
DON0117,ALU1132,4366.58,1/30/2023,Check,Global Outreach 2024,USD
DON0118,ALU0100,4044.32,1/17/2021,PayPal,Health Sciences Fundraiser,USD
DON0119,ALU0230,1485.89,10/16/2023,Credit Card,SLU Scholarship Fund,USD
DON0120,ALU1353,905.43,11/19/2022,Bank Transfer,STEM Innovation Campaign,USD
DON0121,ALU1244,3449.88,6/29/2021,Check,STEM Innovation Campaign,USD
DON0122,ALU0951,3681.6,1/24/2023,Check,SLU Scholarship Fund,USD
DON0123,ALU0353,4992.05,5/3/2025,Credit Card,SLU Scholarship Fund,USD
DON0124,ALU0549,4788.85,8/4/2025,PayPal,Global Outreach 2024,USD
DON0125,ALU1307,741.6,7/18/2025,PayPal,Health Sciences Fundraiser,USD
DON0126,ALU0577,2062.91,6/15/2022,Cash,SLU Scholarship Fund,USD
DON0127,ALU1653,841.29,3/21/2023,Cash,Global Outreach 2024,USD
DON0128,ALU1281,1497.46,8/22/2022,Cash,Annual Giving 2023,USD
DON0129,ALU0632,714.55,12/31/2023,PayPal,Global Outreach 2024,USD
DON0130,ALU0628,2205.91,6/13/2025,Cash,STEM Innovation Campaign,USD
DON0131,ALU1022,1472.03,12/15/2022,Credit Card,Global Outreach 2024,USD
DON0132,ALU0960,2389.51,3/3/2023,Cash,SLU Scholarship Fund,USD
DON0133,ALU1683,2802.13,1/14/2021,PayPal,Global Outreach 2024,USD
DON0134,ALU0711,1654.82,10/3/2022,PayPal,Alumni Reunion Drive,USD
DON0135,ALU1262,4571.79,1/11/2021,Cash,Alumni Reunion Drive,USD
DON0136,ALU1700,4593.62,9/27/2024,Cash,Health Sciences Fundraiser,USD
DON0137,ALU0284,2450.06,3/17/2022,Cash,STEM Innovation Campaign,USD
DON0138,ALU0305,3065.24,7/8/2021,Cash,Alumni Reunion Drive,USD
DON0139,ALU0582,4823.64,10/15/2024,Credit Card,Global Outreach 2024,USD
DON0140,ALU0159,3821.67,10/6/2022,Bank Transfer,SLU Scholarship Fund,USD
DON0141,ALU1425,2263.22,8/2/2021,PayPal,Global Outreach 2024,USD
DON0142,ALU0981,4717.58,9/9/2025,Credit Card,SLU Scholarship Fund,USD
DON0143,ALU0585,4565.81,5/6/2024,PayPal,STEM Innovation Campaign,USD
DON0144,ALU1786,1028.82,2/15/2025,Check,Annual Giving 2023,USD
DON0145,ALU1456,4472.82,9/7/2021,Bank Transfer,Annual Giving 2023,USD
DON0146,ALU0286,43.41,1/12/2023,Cash,Annual Giving 2023,USD
DON0147,ALU1766,4578.85,6/11/2022,Credit Card,STEM Innovation Campaign,USD
DON0148,ALU0424,806.28,3/18/2022,Check,Health Sciences Fundraiser,USD
DON0149,ALU0662,2950.46,4/27/2021,PayPal,SLU Scholarship Fund,USD
DON0150,ALU0035,3292.93,3/7/2022,Bank Transfer,Alumni Reunion Drive,USD
DON0151,ALU0216,632.5,12/31/2022,Check,SLU Scholarship Fund,USD
DON0152,ALU1017,2907.96,3/17/2025,PayPal,SLU Scholarship Fund,USD
DON0153,ALU1113,2666.86,4/4/2025,Check,SLU Scholarship Fund,USD
DON0154,ALU0260,1310.61,5/23/2023,Bank Transfer,SLU Scholarship Fund,USD
DON0155,ALU1696,259.42,12/2/2022,Cash,SLU Scholarship Fund,USD
DON0156,ALU0162,581.07,3/9/2024,Bank Transfer,Annual Giving 2023,USD
DON0157,ALU1395,4935.31,5/15/2025,PayPal,SLU Scholarship Fund,USD
DON0158,ALU0267,853.5,7/12/2023,Check,Health Sciences Fundraiser,USD
DON0159,ALU1908,39.49,4/15/2021,Bank Transfer,Annual Giving 2023,USD
DON0160,ALU0372,2823.34,9/30/2023,Cash,STEM Innovation Campaign,USD
DON0161,ALU0608,2556.92,2/2/2022,PayPal,Annual Giving 2023,USD
DON0162,ALU1628,1196.41,11/2/2024,PayPal,Global Outreach 2024,USD
DON0163,ALU0528,3428.27,11/10/2021,Check,Alumni Reunion Drive,USD
DON0164,ALU1388,3835.33,2/6/2021,Credit Card,Alumni Reunion Drive,USD
DON0165,ALU1215,3826.55,3/20/2023,Credit Card,Annual Giving 2023,USD
DON0166,ALU1535,4528.71,10/19/2024,Bank Transfer,STEM Innovation Campaign,USD
DON0167,ALU1037,1297.39,7/20/2021,Check,Annual Giving 2023,USD
DON0168,ALU1187,2253.33,11/26/2024,Bank Transfer,Alumni Reunion Drive,USD
DON0169,ALU1213,1361.02,5/14/2022,Bank Transfer,Global Outreach 2024,USD
DON0170,ALU0271,2445.69,3/7/2025,Credit Card,Alumni Reunion Drive,USD
DON0171,ALU0946,3699.69,4/19/2021,Bank Transfer,Alumni Reunion Drive,USD
DON0172,ALU1395,860.31,4/1/2024,Credit Card,SLU Scholarship Fund,USD
DON0173,ALU0624,4538.49,11/19/2021,PayPal,STEM Innovation Campaign,USD
DON0174,ALU0339,3400.63,6/21/2024,PayPal,Alumni Reunion Drive,USD
DON0175,ALU1658,4347.28,10/13/2024,Credit Card,Health Sciences Fundraiser,USD
DON0176,ALU0986,1989,6/13/2022,Check,Global Outreach 2024,USD
DON0177,ALU1321,2017.18,9/27/2023,PayPal,Health Sciences Fundraiser,USD
DON0178,ALU1155,4404.37,3/8/2023,Bank Transfer,SLU Scholarship Fund,USD
DON0179,ALU0508,3638.71,6/15/2021,Bank Transfer,STEM Innovation Campaign,USD
DON0180,ALU0050,2308.44,1/4/2021,Cash,Global Outreach 2024,USD
DON0181,ALU1954,3827.89,10/3/2025,Credit Card,Annual Giving 2023,USD
DON0182,ALU1997,4238,5/27/2022,PayPal,Global Outreach 2024,USD
DON0183,ALU0870,2248.73,1/6/2023,Credit Card,Alumni Reunion Drive,USD
DON0184,ALU0253,3525.87,10/11/2024,Cash,Alumni Reunion Drive,USD
DON0185,ALU0640,1185.77,7/23/2021,PayPal,STEM Innovation Campaign,USD
DON0186,ALU0338,3012.08,9/8/2024,Check,Annual Giving 2023,USD
DON0187,ALU0826,2800.33,9/18/2022,Check,Health Sciences Fundraiser,USD
DON0188,ALU1838,1155.69,4/4/2024,Credit Card,Annual Giving 2023,USD
DON0189,ALU0125,438.83,7/2/2023,PayPal,Health Sciences Fundraiser,USD
DON0190,ALU1883,2511.8,11/5/2021,Credit Card,Alumni Reunion Drive,USD
DON0191,ALU1732,3752.68,9/20/2022,Check,Health Sciences Fundraiser,USD
DON0192,ALU0829,467.19,2/16/2023,PayPal,Health Sciences Fundraiser,USD
DON0193,ALU1457,3509.93,10/22/2021,Check,SLU Scholarship Fund,USD
DON0194,ALU0358,745.56,12/20/2021,PayPal,Health Sciences Fundraiser,USD
DON0195,ALU0627,3947.57,12/22/2022,Credit Card,Alumni Reunion Drive,USD
DON0196,ALU1968,2632.72,11/24/2023,PayPal,Health Sciences Fundraiser,USD
DON0197,ALU0114,2597.49,2/26/2021,Check,SLU Scholarship Fund,USD
DON0198,ALU1039,1906.14,1/10/2025,Cash,Alumni Reunion Drive,USD
DON0199,ALU1800,4844.76,6/21/2025,PayPal,Health Sciences Fundraiser,USD
DON0200,ALU1498,1268.56,3/17/2024,Bank Transfer,SLU Scholarship Fund,USD
DON0201,ALU1697,3036.61,9/30/2024,PayPal,STEM Innovation Campaign,USD
DON0202,ALU0202,182.19,1/17/2025,PayPal,Health Sciences Fundraiser,USD
DON0203,ALU1085,4331.5,1/3/2021,Bank Transfer,SLU Scholarship Fund,USD
DON0204,ALU1221,1364.87,5/29/2021,Cash,Global Outreach 2024,USD
DON0205,ALU1550,4297.91,1/29/2025,Check,Alumni Reunion Drive,USD
DON0206,ALU0478,2202.35,6/29/2023,Check,SLU Scholarship Fund,USD
DON0207,ALU1189,1215.26,10/26/2023,Bank Transfer,Alumni Reunion Drive,USD
DON0208,ALU1421,3239.31,9/20/2022,Credit Card,Global Outreach 2024,USD
DON0209,ALU0249,420.17,9/12/2021,Cash,SLU Scholarship Fund,USD
DON0210,ALU0399,2287.35,10/29/2020,Credit Card,Health Sciences Fundraiser,USD
DON0211,ALU0152,2764.54,8/18/2025,PayPal,Alumni Reunion Drive,USD
DON0212,ALU0233,2839.41,5/13/2021,Bank Transfer,Alumni Reunion Drive,USD
DON0213,ALU1412,2253.11,12/17/2023,Credit Card,Global Outreach 2024,USD
DON0214,ALU0994,2301.53,6/19/2022,PayPal,Health Sciences Fundraiser,USD
DON0215,ALU0497,4293.66,2/23/2021,Check,Annual Giving 2023,USD
DON0216,ALU1705,3857.17,8/30/2025,Check,Global Outreach 2024,USD
DON0217,ALU0119,4744.11,11/10/2024,Bank Transfer,Health Sciences Fundraiser,USD
DON0218,ALU0924,1061.41,10/12/2025,Credit Card,Annual Giving 2023,USD
DON0219,ALU1610,1048.72,10/27/2020,Credit Card,Alumni Reunion Drive,USD
DON0220,ALU1972,1146.21,10/26/2024,PayPal,Annual Giving 2023,USD
DON0221,ALU1851,1814.03,7/11/2022,Bank Transfer,SLU Scholarship Fund,USD
DON0222,ALU1900,1772.72,1/15/2025,Check,Health Sciences Fundraiser,USD
DON0223,ALU0881,1349.83,3/31/2024,PayPal,Global Outreach 2024,USD
DON0224,ALU0518,206.27,11/6/2020,Cash,Global Outreach 2024,USD
DON0225,ALU0005,4306.27,2/21/2025,Check,STEM Innovation Campaign,USD
DON0226,ALU1978,4503.59,9/28/2021,Check,Health Sciences Fundraiser,USD
DON0227,ALU0623,281.53,5/2/2022,Credit Card,Annual Giving 2023,USD
DON0228,ALU0715,655.91,5/17/2025,Credit Card,SLU Scholarship Fund,USD
DON0229,ALU1657,2052.63,4/17/2022,Check,SLU Scholarship Fund,USD
DON0230,ALU0783,1994.21,8/7/2025,Check,STEM Innovation Campaign,USD
DON0231,ALU1062,3492.59,11/28/2021,PayPal,SLU Scholarship Fund,USD
DON0232,ALU0325,4142.9,10/8/2022,Check,STEM Innovation Campaign,USD
DON0233,ALU0566,2638.87,10/1/2022,Bank Transfer,Health Sciences Fundraiser,USD
DON0234,ALU0854,4300.93,3/30/2023,Credit Card,Annual Giving 2023,USD
DON0235,ALU1172,1876.2,2/17/2023,Bank Transfer,Global Outreach 2024,USD
DON0236,ALU0280,459.15,11/20/2024,Check,STEM Innovation Campaign,USD
DON0237,ALU1889,4675.48,2/24/2024,Bank Transfer,Health Sciences Fundraiser,USD
DON0238,ALU0177,1805.95,3/7/2025,Cash,SLU Scholarship Fund,USD
DON0239,ALU1925,3120.95,1/14/2021,Check,SLU Scholarship Fund,USD
DON0240,ALU1869,1400.35,5/23/2025,Credit Card,Alumni Reunion Drive,USD
DON0241,ALU0632,1424.16,3/13/2024,Credit Card,Annual Giving 2023,USD
DON0242,ALU1145,3849.85,2/19/2021,Credit Card,Global Outreach 2024,USD
DON0243,ALU1159,1522.04,3/16/2022,Cash,Health Sciences Fundraiser,USD
DON0244,ALU0465,4335.97,5/6/2025,Credit Card,Global Outreach 2024,USD
DON0245,ALU1406,2766.67,12/9/2020,PayPal,STEM Innovation Campaign,USD
DON0246,ALU1312,4704.63,8/12/2021,Check,Health Sciences Fundraiser,USD
DON0247,ALU1715,2616.18,9/5/2023,Credit Card,Global Outreach 2024,USD
DON0248,ALU0238,111.56,7/6/2023,Cash,Global Outreach 2024,USD
DON0249,ALU1353,4773.9,9/10/2024,PayPal,STEM Innovation Campaign,USD
DON0250,ALU1247,4744.97,8/5/2024,PayPal,Alumni Reunion Drive,USD
DON0251,ALU1523,4849.97,9/10/2023,Check,Alumni Reunion Drive,USD
DON0252,ALU0779,1713.11,3/28/2025,Check,Alumni Reunion Drive,USD
DON0253,ALU1736,3919.67,8/2/2023,Check,Health Sciences Fundraiser,USD
DON0254,ALU0453,4655.75,9/14/2022,Cash,Global Outreach 2024,USD
DON0255,ALU0486,4524.81,11/21/2020,PayPal,STEM Innovation Campaign,USD
DON0256,ALU0389,3342.61,5/11/2023,Check,Global Outreach 2024,USD
DON0257,ALU1808,1156.04,2/28/2021,Check,Annual Giving 2023,USD
DON0258,ALU1088,1095.79,3/16/2021,Bank Transfer,Alumni Reunion Drive,USD
DON0259,ALU1795,2013.42,10/14/2024,Check,Global Outreach 2024,USD
DON0260,ALU1211,4777.9,12/29/2022,Cash,SLU Scholarship Fund,USD
DON0261,ALU0554,3481.7,4/15/2021,Check,Health Sciences Fundraiser,USD
DON0262,ALU0323,3746.85,9/22/2024,Cash,Annual Giving 2023,USD
DON0263,ALU1099,4068.94,11/14/2023,Credit Card,Alumni Reunion Drive,USD
DON0264,ALU0786,1663.85,7/4/2025,PayPal,Annual Giving 2023,USD
DON0265,ALU0559,992.33,1/12/2023,Check,SLU Scholarship Fund,USD
DON0266,ALU0176,291.68,12/6/2020,Bank Transfer,SLU Scholarship Fund,USD
DON0267,ALU1106,1232.75,7/9/2022,Check,STEM Innovation Campaign,USD
DON0268,ALU1025,3265.01,3/15/2023,Credit Card,Alumni Reunion Drive,USD
DON0269,ALU0602,487.16,7/20/2022,Bank Transfer,SLU Scholarship Fund,USD
DON0270,ALU1488,4989.21,9/2/2024,PayPal,SLU Scholarship Fund,USD
DON0271,ALU0250,3546.87,3/4/2024,Credit Card,Health Sciences Fundraiser,USD
DON0272,ALU0207,1193.35,2/8/2024,Bank Transfer,Global Outreach 2024,USD
DON0273,ALU1776,3683.75,7/28/2021,Cash,Annual Giving 2023,USD
DON0274,ALU1987,630.44,5/26/2023,Cash,STEM Innovation Campaign,USD
DON0275,ALU0328,1789.84,6/1/2024,Cash,Alumni Reunion Drive,USD
DON0276,ALU0817,3480.16,4/27/2023,Check,Annual Giving 2023,USD
DON0277,ALU1658,520.45,5/8/2025,Check,Annual Giving 2023,USD
DON0278,ALU1608,677.16,3/21/2024,Credit Card,Alumni Reunion Drive,USD
DON0279,ALU1010,559.65,6/29/2021,Bank Transfer,Health Sciences Fundraiser,USD
DON0280,ALU1960,300.99,11/13/2021,Cash,Alumni Reunion Drive,USD
DON0281,ALU0959,3886.45,6/12/2021,PayPal,Alumni Reunion Drive,USD
DON0282,ALU1275,1164.59,6/20/2022,Check,Alumni Reunion Drive,USD
DON0283,ALU1942,2387.54,10/3/2021,PayPal,STEM Innovation Campaign,USD
DON0284,ALU0525,4781.21,2/14/2025,Check,Global Outreach 2024,USD
DON0285,ALU1759,2988.32,1/3/2023,Credit Card,Alumni Reunion Drive,USD
DON0286,ALU0414,4732.55,10/12/2022,Check,Global Outreach 2024,USD
DON0287,ALU0953,1801.38,8/14/2025,Bank Transfer,Global Outreach 2024,USD
DON0288,ALU1337,3665.72,5/4/2022,PayPal,Global Outreach 2024,USD
DON0289,ALU1224,3170.34,11/6/2023,Cash,Alumni Reunion Drive,USD
DON0290,ALU0313,4390.35,8/13/2021,Bank Transfer,SLU Scholarship Fund,USD
DON0291,ALU0357,3186.65,5/26/2022,Check,STEM Innovation Campaign,USD
DON0292,ALU0905,558.25,8/28/2022,PayPal,Alumni Reunion Drive,USD
DON0293,ALU0879,4562.16,7/15/2025,Cash,Alumni Reunion Drive,USD
DON0294,ALU0457,2137.8,3/10/2021,PayPal,Global Outreach 2024,USD
DON0295,ALU0060,38.37,9/17/2021,PayPal,Annual Giving 2023,USD
DON0296,ALU1530,3413.61,11/14/2024,Bank Transfer,SLU Scholarship Fund,USD
DON0297,ALU1049,2673.36,5/19/2025,PayPal,Annual Giving 2023,USD
DON0298,ALU0950,3992.1,3/1/2022,PayPal,Health Sciences Fundraiser,USD
DON0299,ALU0752,3535.05,5/29/2021,Bank Transfer,Global Outreach 2024,USD
DON0300,ALU0205,3913.68,5/3/2025,Cash,SLU Scholarship Fund,USD
DON0301,ALU1923,181.37,12/22/2020,PayPal,Annual Giving 2023,USD
DON0302,ALU0772,578.75,2/3/2025,Bank Transfer,Global Outreach 2024,USD
DON0303,ALU1299,254.09,5/29/2024,Bank Transfer,Health Sciences Fundraiser,USD
DON0304,ALU0952,2579.8,5/8/2021,PayPal,SLU Scholarship Fund,USD
DON0305,ALU1019,3515.42,6/8/2023,Bank Transfer,Annual Giving 2023,USD
DON0306,ALU0840,3860.46,2/16/2022,Credit Card,Alumni Reunion Drive,USD
DON0307,ALU0995,339.88,3/9/2022,PayPal,Annual Giving 2023,USD
DON0308,ALU0457,3637.81,7/6/2022,Credit Card,Health Sciences Fundraiser,USD
DON0309,ALU0933,1343.94,5/16/2025,PayPal,Global Outreach 2024,USD
DON0310,ALU1390,1914.84,11/4/2021,Cash,SLU Scholarship Fund,USD
DON0311,ALU0320,1626.91,3/8/2024,Check,Health Sciences Fundraiser,USD
DON0312,ALU0226,508.15,7/20/2021,Cash,STEM Innovation Campaign,USD
DON0313,ALU1706,1306.57,10/16/2025,Check,Annual Giving 2023,USD
DON0314,ALU0390,767.75,8/15/2023,Credit Card,Global Outreach 2024,USD
DON0315,ALU1432,2702.09,12/2/2024,Credit Card,Annual Giving 2023,USD
DON0316,ALU1707,542.22,10/9/2021,Cash,STEM Innovation Campaign,USD
DON0317,ALU0163,3573.13,9/3/2023,Cash,Global Outreach 2024,USD
DON0318,ALU0918,534.18,12/15/2024,PayPal,Health Sciences Fundraiser,USD
DON0319,ALU1472,2073.98,10/6/2025,Bank Transfer,Health Sciences Fundraiser,USD
DON0320,ALU0558,3864.7,10/12/2025,PayPal,SLU Scholarship Fund,USD
DON0321,ALU1530,4767.37,9/17/2023,Check,STEM Innovation Campaign,USD
DON0322,ALU1257,614.71,10/3/2024,Bank Transfer,Global Outreach 2024,USD
DON0323,ALU0421,368.28,12/5/2020,Credit Card,SLU Scholarship Fund,USD
DON0324,ALU0997,1937.02,8/25/2023,Credit Card,Global Outreach 2024,USD
DON0325,ALU0242,4946.03,7/29/2022,Credit Card,Alumni Reunion Drive,USD
DON0326,ALU1726,4412.11,9/9/2022,Bank Transfer,STEM Innovation Campaign,USD
DON0327,ALU0531,1704.99,4/13/2022,PayPal,STEM Innovation Campaign,USD
DON0328,ALU1522,3880.31,11/27/2023,Cash,SLU Scholarship Fund,USD
DON0329,ALU0170,4387.1,8/28/2025,Check,STEM Innovation Campaign,USD
DON0330,ALU1853,2861.23,4/19/2021,Bank Transfer,Alumni Reunion Drive,USD
DON0331,ALU1302,144.89,8/19/2023,Check,Global Outreach 2024,USD
DON0332,ALU0671,2928.99,12/4/2024,Bank Transfer,Health Sciences Fundraiser,USD
DON0333,ALU0155,3952.53,9/1/2023,PayPal,STEM Innovation Campaign,USD
DON0334,ALU1335,1244.4,5/1/2024,PayPal,Annual Giving 2023,USD
DON0335,ALU0490,3062.69,2/4/2021,Credit Card,Annual Giving 2023,USD
DON0336,ALU0628,4779.37,9/18/2024,PayPal,Global Outreach 2024,USD
DON0337,ALU1842,2687.85,7/3/2023,Cash,Alumni Reunion Drive,USD
DON0338,ALU0181,1923.99,5/2/2024,Cash,Global Outreach 2024,USD
DON0339,ALU1303,2485.41,8/10/2023,Check,SLU Scholarship Fund,USD
DON0340,ALU0542,472.29,10/28/2024,PayPal,STEM Innovation Campaign,USD
DON0341,ALU1600,3052.06,2/10/2021,Cash,Global Outreach 2024,USD
DON0342,ALU1956,3919.56,10/6/2021,Bank Transfer,Health Sciences Fundraiser,USD
DON0343,ALU0527,3845.4,9/6/2025,Check,Alumni Reunion Drive,USD
DON0344,ALU1669,4834.67,12/12/2023,PayPal,Alumni Reunion Drive,USD
DON0345,ALU0797,1809.9,10/18/2025,Credit Card,Alumni Reunion Drive,USD
DON0346,ALU0118,3567.96,12/3/2024,Cash,Health Sciences Fundraiser,USD
DON0347,ALU0088,4861.7,9/18/2025,Cash,Global Outreach 2024,USD
DON0348,ALU1312,107.03,4/21/2024,PayPal,SLU Scholarship Fund,USD
DON0349,ALU0513,1404.39,2/1/2024,Credit Card,Annual Giving 2023,USD
DON0350,ALU1389,4072.79,4/18/2021,Bank Transfer,Health Sciences Fundraiser,USD
DON0351,ALU0214,4232.76,9/30/2024,Cash,SLU Scholarship Fund,USD
DON0352,ALU0092,4750.41,10/26/2022,Cash,SLU Scholarship Fund,USD
DON0353,ALU0664,2648.97,11/20/2023,PayPal,Global Outreach 2024,USD
DON0354,ALU1433,2646.85,6/6/2024,Bank Transfer,Health Sciences Fundraiser,USD
DON0355,ALU1248,2669.38,12/16/2021,Cash,Global Outreach 2024,USD
DON0356,ALU1353,4317.34,11/23/2024,Credit Card,SLU Scholarship Fund,USD
DON0357,ALU1303,3624.58,2/12/2024,Cash,SLU Scholarship Fund,USD
DON0358,ALU1613,824.54,8/3/2022,Bank Transfer,Annual Giving 2023,USD
DON0359,ALU1297,449.32,1/28/2021,Bank Transfer,Health Sciences Fundraiser,USD
DON0360,ALU1858,1227.29,5/23/2023,Credit Card,Health Sciences Fundraiser,USD
DON0361,ALU1672,2489.16,11/11/2020,Bank Transfer,Health Sciences Fundraiser,USD
DON0362,ALU1194,3144.17,5/27/2024,Credit Card,Annual Giving 2023,USD
DON0363,ALU0620,1989.41,6/7/2024,Credit Card,Global Outreach 2024,USD
DON0364,ALU0478,1794.55,11/20/2023,Bank Transfer,Alumni Reunion Drive,USD
DON0365,ALU0615,1313.42,7/18/2021,Bank Transfer,SLU Scholarship Fund,USD
DON0366,ALU1719,3821.3,5/25/2021,Bank Transfer,Health Sciences Fundraiser,USD
DON0367,ALU0313,4233.03,8/27/2024,Credit Card,Alumni Reunion Drive,USD
DON0368,ALU1583,4854.56,3/15/2021,Credit Card,Annual Giving 2023,USD
DON0369,ALU1932,1155.66,11/10/2020,Credit Card,Health Sciences Fundraiser,USD
DON0370,ALU1907,4972.9,3/21/2022,Bank Transfer,Health Sciences Fundraiser,USD
DON0371,ALU1071,1785.07,12/20/2021,PayPal,Global Outreach 2024,USD
DON0372,ALU0098,3754.65,1/11/2025,Credit Card,Health Sciences Fundraiser,USD
DON0373,ALU1111,3895.5,9/9/2021,Bank Transfer,Alumni Reunion Drive,USD
DON0374,ALU1139,2048.33,6/23/2021,Check,Global Outreach 2024,USD
DON0375,ALU0893,1793.91,8/11/2021,Check,SLU Scholarship Fund,USD
DON0376,ALU1329,4356.5,9/21/2022,Check,Alumni Reunion Drive,USD
DON0377,ALU0723,4307.28,11/27/2023,Cash,Alumni Reunion Drive,USD
DON0378,ALU0568,2668.87,4/5/2024,Cash,Global Outreach 2024,USD
DON0379,ALU1431,2395.88,8/12/2024,Check,STEM Innovation Campaign,USD
DON0380,ALU1132,4631.52,4/27/2023,Check,SLU Scholarship Fund,USD
DON0381,ALU0072,4972.54,8/22/2021,Cash,STEM Innovation Campaign,USD
DON0382,ALU1679,165.86,5/8/2022,Check,Annual Giving 2023,USD
DON0383,ALU1487,1497.14,1/23/2021,Check,SLU Scholarship Fund,USD
DON0384,ALU0602,4617.48,6/21/2022,PayPal,Alumni Reunion Drive,USD
DON0385,ALU1537,1693.53,10/10/2024,Bank Transfer,Health Sciences Fundraiser,USD
DON0386,ALU0271,965.24,11/29/2022,Cash,STEM Innovation Campaign,USD
DON0387,ALU1294,4206.87,10/11/2023,Credit Card,Health Sciences Fundraiser,USD
DON0388,ALU0103,2323.99,8/8/2021,PayPal,Global Outreach 2024,USD
DON0389,ALU0485,2698.29,12/27/2022,PayPal,STEM Innovation Campaign,USD
DON0390,ALU0852,3612.58,7/28/2023,Check,Global Outreach 2024,USD
DON0391,ALU1860,4726.21,6/15/2025,Cash,Health Sciences Fundraiser,USD
DON0392,ALU0389,2815.54,3/31/2022,Cash,Alumni Reunion Drive,USD
DON0393,ALU0130,2128.23,9/30/2022,PayPal,SLU Scholarship Fund,USD
DON0394,ALU1805,3049.06,2/6/2025,PayPal,Global Outreach 2024,USD
DON0395,ALU1969,3719.19,9/12/2022,Bank Transfer,Health Sciences Fundraiser,USD
DON0396,ALU1590,1676.59,12/9/2020,Bank Transfer,STEM Innovation Campaign,USD
DON0397,ALU1283,3812.89,12/31/2024,Cash,SLU Scholarship Fund,USD
DON0398,ALU0075,4152.01,7/20/2024,PayPal,Annual Giving 2023,USD
DON0399,ALU0438,2909.91,8/30/2022,PayPal,Health Sciences Fundraiser,USD
DON0400,ALU1077,1963.26,5/16/2021,Credit Card,SLU Scholarship Fund,USD
DON0401,ALU1925,1457.64,10/8/2023,Check,Global Outreach 2024,USD
DON0402,ALU0547,1300.21,12/28/2021,PayPal,Health Sciences Fundraiser,USD
DON0403,ALU0587,998.06,5/6/2025,Bank Transfer,SLU Scholarship Fund,USD
DON0404,ALU1808,1083.36,1/18/2022,Credit Card,SLU Scholarship Fund,USD
DON0405,ALU0882,2178.89,11/10/2022,Cash,Global Outreach 2024,USD
DON0406,ALU0598,3133.59,7/31/2025,Credit Card,Global Outreach 2024,USD
DON0407,ALU0359,2768.02,10/8/2025,Cash,Alumni Reunion Drive,USD
DON0408,ALU1750,569.59,7/16/2024,Bank Transfer,Health Sciences Fundraiser,USD
DON0409,ALU0088,1889.01,5/2/2023,Bank Transfer,Annual Giving 2023,USD
DON0410,ALU0056,1195.69,2/10/2024,Credit Card,STEM Innovation Campaign,USD
DON0411,ALU1415,2658.49,4/24/2022,PayPal,STEM Innovation Campaign,USD
DON0412,ALU0037,3070.22,9/1/2023,Bank Transfer,Alumni Reunion Drive,USD
DON0413,ALU0420,2812.72,6/25/2025,Bank Transfer,Global Outreach 2024,USD
DON0414,ALU1308,259.64,4/13/2024,Bank Transfer,Annual Giving 2023,USD
DON0415,ALU0452,229.47,12/17/2022,Cash,Annual Giving 2023,USD
DON0416,ALU0729,3432.54,6/7/2023,Check,Health Sciences Fundraiser,USD
DON0417,ALU1145,4593.42,10/4/2023,Credit Card,STEM Innovation Campaign,USD
DON0418,ALU1086,1645.02,1/23/2022,Credit Card,Health Sciences Fundraiser,USD
DON0419,ALU1720,4252.75,3/27/2025,Credit Card,Global Outreach 2024,USD
DON0420,ALU0294,433.63,6/17/2022,Bank Transfer,STEM Innovation Campaign,USD
DON0421,ALU0791,3289.16,3/24/2021,Cash,Alumni Reunion Drive,USD
DON0422,ALU1219,1866.35,7/23/2025,PayPal,Health Sciences Fundraiser,USD
DON0423,ALU0497,3023.92,5/21/2023,PayPal,Alumni Reunion Drive,USD
DON0424,ALU0211,2533.48,1/11/2022,Bank Transfer,Health Sciences Fundraiser,USD
DON0425,ALU0369,135.02,2/5/2022,Credit Card,Health Sciences Fundraiser,USD
DON0426,ALU0082,1146.74,10/7/2025,PayPal,SLU Scholarship Fund,USD
DON0427,ALU0098,3259.57,3/31/2022,Check,STEM Innovation Campaign,USD
DON0428,ALU0755,2667.8,4/23/2021,PayPal,Global Outreach 2024,USD
DON0429,ALU0653,4217.84,12/3/2022,Bank Transfer,Annual Giving 2023,USD
DON0430,ALU1905,4558.77,2/4/2021,Credit Card,Health Sciences Fundraiser,USD
DON0431,ALU0974,3541.31,7/10/2025,Check,Alumni Reunion Drive,USD
DON0432,ALU1288,4150.77,7/14/2025,Check,Annual Giving 2023,USD
DON0433,ALU1042,4731.12,6/28/2023,Bank Transfer,Health Sciences Fundraiser,USD
DON0434,ALU1253,3741.03,10/24/2025,Credit Card,SLU Scholarship Fund,USD
DON0435,ALU1027,1323.17,8/8/2025,Bank Transfer,Annual Giving 2023,USD
DON0436,ALU1413,3903.72,8/18/2025,PayPal,Global Outreach 2024,USD
DON0437,ALU1049,3864.53,3/20/2024,Check,Annual Giving 2023,USD
DON0438,ALU0999,3182.52,8/6/2023,PayPal,Alumni Reunion Drive,USD
DON0439,ALU0716,3294.23,1/28/2021,PayPal,Annual Giving 2023,USD
DON0440,ALU1155,4434.43,7/7/2024,Credit Card,Annual Giving 2023,USD
DON0441,ALU1479,4136.45,2/12/2022,Bank Transfer,Alumni Reunion Drive,USD
DON0442,ALU1398,2661.44,12/1/2023,Cash,Health Sciences Fundraiser,USD
DON0443,ALU0441,1385.78,12/23/2024,Check,SLU Scholarship Fund,USD
DON0444,ALU1749,1357.05,4/19/2022,PayPal,STEM Innovation Campaign,USD
DON0445,ALU1306,3290.32,7/23/2024,Credit Card,SLU Scholarship Fund,USD
DON0446,ALU0341,2044.31,2/2/2025,Check,Annual Giving 2023,USD
DON0447,ALU0282,337.6,3/24/2023,Check,Alumni Reunion Drive,USD
DON0448,ALU0551,1609.15,12/23/2021,Credit Card,Annual Giving 2023,USD
DON0449,ALU1243,2972.78,6/28/2024,Cash,STEM Innovation Campaign,USD
DON0450,ALU1666,3623.79,4/26/2021,Cash,Alumni Reunion Drive,USD
DON0451,ALU0838,1083.87,5/10/2021,Credit Card,Alumni Reunion Drive,USD
DON0452,ALU0309,1306.66,6/3/2022,Bank Transfer,Global Outreach 2024,USD
DON0453,ALU1978,4343.57,4/3/2022,PayPal,Annual Giving 2023,USD
DON0454,ALU1357,279.4,6/5/2024,Credit Card,STEM Innovation Campaign,USD
DON0455,ALU1253,4636.97,4/10/2022,PayPal,SLU Scholarship Fund,USD
DON0456,ALU0176,1852.32,8/4/2022,Credit Card,Global Outreach 2024,USD
DON0457,ALU1557,4265,4/15/2021,Check,Alumni Reunion Drive,USD
DON0458,ALU0447,2750.83,3/10/2021,Check,Alumni Reunion Drive,USD
DON0459,ALU1960,3056.31,6/19/2022,Check,STEM Innovation Campaign,USD
DON0460,ALU1256,1756.53,11/4/2020,Check,Health Sciences Fundraiser,USD
DON0461,ALU0111,3997.1,9/14/2021,Bank Transfer,Health Sciences Fundraiser,USD
DON0462,ALU0696,599.45,8/6/2025,Check,Health Sciences Fundraiser,USD
DON0463,ALU1897,2923.12,7/28/2021,Bank Transfer,Annual Giving 2023,USD
DON0464,ALU0478,32.75,3/11/2022,Bank Transfer,Alumni Reunion Drive,USD
DON0465,ALU0842,3995.63,10/29/2022,PayPal,Health Sciences Fundraiser,USD
DON0466,ALU0011,3270.83,11/5/2021,PayPal,Global Outreach 2024,USD
DON0467,ALU1442,1104.27,7/29/2024,PayPal,Global Outreach 2024,USD
DON0468,ALU1418,2450.59,12/6/2020,Bank Transfer,Health Sciences Fundraiser,USD
DON0469,ALU0942,1457.54,4/9/2023,Credit Card,STEM Innovation Campaign,USD
DON0470,ALU1388,1717.07,1/24/2021,Bank Transfer,Annual Giving 2023,USD
DON0471,ALU1137,39.6,3/24/2022,Bank Transfer,Annual Giving 2023,USD
DON0472,ALU1953,2788.7,10/31/2024,Bank Transfer,Alumni Reunion Drive,USD
DON0473,ALU0396,2811.39,9/6/2025,Credit Card,STEM Innovation Campaign,USD
DON0474,ALU1125,2463.32,3/5/2023,Check,Annual Giving 2023,USD
DON0475,ALU1970,4892.44,1/18/2025,Credit Card,Alumni Reunion Drive,USD
DON0476,ALU0762,3613.82,1/13/2025,Bank Transfer,Health Sciences Fundraiser,USD
DON0477,ALU0081,2830.67,11/15/2022,Cash,Health Sciences Fundraiser,USD
DON0478,ALU1608,4497.53,7/23/2023,Cash,SLU Scholarship Fund,USD
DON0479,ALU1602,774.92,8/24/2023,PayPal,SLU Scholarship Fund,USD
DON0480,ALU1516,855.12,6/23/2023,PayPal,STEM Innovation Campaign,USD
DON0481,ALU0697,1339.53,1/26/2024,Check,SLU Scholarship Fund,USD
DON0482,ALU1161,4546.37,11/10/2020,Cash,Annual Giving 2023,USD
DON0483,ALU1679,2599.58,7/15/2023,Bank Transfer,Health Sciences Fundraiser,USD
DON0484,ALU0070,2707.99,12/6/2021,Cash,Health Sciences Fundraiser,USD
DON0485,ALU1997,3441.02,2/20/2024,Cash,STEM Innovation Campaign,USD
DON0486,ALU1017,1910,9/22/2024,Check,STEM Innovation Campaign,USD
DON0487,ALU1728,3648.06,3/5/2022,Check,Annual Giving 2023,USD
DON0488,ALU0999,2389.64,10/28/2024,Credit Card,Global Outreach 2024,USD
DON0489,ALU0339,274.13,2/25/2024,Bank Transfer,Alumni Reunion Drive,USD
DON0490,ALU1992,3759.7,9/28/2022,Credit Card,Alumni Reunion Drive,USD
DON0491,ALU0440,4125.2,5/14/2021,Cash,Alumni Reunion Drive,USD
DON0492,ALU1588,1865.2,11/23/2024,Bank Transfer,STEM Innovation Campaign,USD
DON0493,ALU1369,200.86,10/27/2024,Credit Card,Annual Giving 2023,USD
DON0494,ALU0329,531.56,6/5/2025,Credit Card,Health Sciences Fundraiser,USD
DON0495,ALU1723,1509.46,8/14/2021,PayPal,Annual Giving 2023,USD
DON0496,ALU1091,576.01,5/3/2025,Credit Card,Alumni Reunion Drive,USD
DON0497,ALU0658,3368.29,10/31/2020,Check,Global Outreach 2024,USD
DON0498,ALU1919,1040.55,8/11/2023,Check,Alumni Reunion Drive,USD
DON0499,ALU1338,4992.55,3/9/2023,PayPal,Alumni Reunion Drive,USD
DON0500,ALU0097,4591.38,12/25/2021,Cash,STEM Innovation Campaign,USD
DON0501,ALU1484,3715.64,12/17/2023,Credit Card,Annual Giving 2023,USD
DON0502,ALU0083,952.5,3/8/2023,PayPal,Annual Giving 2023,USD
DON0503,ALU0062,463.29,11/18/2023,Cash,Health Sciences Fundraiser,USD
DON0504,ALU0282,4572.73,10/5/2021,Cash,STEM Innovation Campaign,USD
DON0505,ALU1379,117.76,12/31/2023,Check,Global Outreach 2024,USD
DON0506,ALU0133,1265.81,8/4/2025,Credit Card,Annual Giving 2023,USD
DON0507,ALU1146,837.16,9/22/2022,Cash,Global Outreach 2024,USD
DON0508,ALU0736,3983.43,6/20/2022,PayPal,Health Sciences Fundraiser,USD
DON0509,ALU0668,1530.35,3/16/2021,Cash,SLU Scholarship Fund,USD
DON0510,ALU0885,485.46,10/30/2020,PayPal,SLU Scholarship Fund,USD
DON0511,ALU0393,2942.08,3/19/2023,Cash,Health Sciences Fundraiser,USD
DON0512,ALU1129,1788.73,5/30/2023,Credit Card,SLU Scholarship Fund,USD
DON0513,ALU0217,4062.13,1/17/2021,Bank Transfer,Health Sciences Fundraiser,USD
DON0514,ALU1776,3457.38,5/17/2025,PayPal,STEM Innovation Campaign,USD
DON0515,ALU0384,1150.71,1/26/2023,PayPal,STEM Innovation Campaign,USD
DON0516,ALU1836,1334.39,7/9/2025,Bank Transfer,Global Outreach 2024,USD
DON0517,ALU1163,3039.78,1/12/2024,Cash,Annual Giving 2023,USD
DON0518,ALU0698,3495.04,9/16/2024,Bank Transfer,Annual Giving 2023,USD
DON0519,ALU1133,3196.35,9/29/2023,Cash,Annual Giving 2023,USD
DON0520,ALU1659,4853.36,1/12/2022,Bank Transfer,Health Sciences Fundraiser,USD
DON0521,ALU1063,1177.87,2/19/2024,Bank Transfer,SLU Scholarship Fund,USD
DON0522,ALU0602,4240.37,1/9/2022,Check,Alumni Reunion Drive,USD
DON0523,ALU1750,3254.24,2/9/2023,PayPal,Annual Giving 2023,USD
DON0524,ALU0367,1421.56,1/4/2023,PayPal,Global Outreach 2024,USD
DON0525,ALU0417,1064.34,3/4/2023,Check,Global Outreach 2024,USD
DON0526,ALU1683,1121.04,5/3/2025,Bank Transfer,Global Outreach 2024,USD
DON0527,ALU0168,2998.34,7/4/2023,Cash,Health Sciences Fundraiser,USD
DON0528,ALU0237,4066.91,5/1/2023,Check,Health Sciences Fundraiser,USD
DON0529,ALU0804,2738.58,7/24/2025,PayPal,Health Sciences Fundraiser,USD
DON0530,ALU1727,4069.63,1/15/2025,Check,Annual Giving 2023,USD
DON0531,ALU0397,2020.14,2/22/2024,Bank Transfer,SLU Scholarship Fund,USD
DON0532,ALU1963,3930.2,11/21/2020,Check,Global Outreach 2024,USD
DON0533,ALU0389,2868.97,5/9/2025,Bank Transfer,Alumni Reunion Drive,USD
DON0534,ALU1277,4369.39,4/26/2024,Bank Transfer,STEM Innovation Campaign,USD
DON0535,ALU0480,207.88,9/26/2025,PayPal,STEM Innovation Campaign,USD
DON0536,ALU1003,2624.23,7/5/2022,Bank Transfer,Global Outreach 2024,USD
DON0537,ALU1930,29.74,1/15/2025,Bank Transfer,STEM Innovation Campaign,USD
DON0538,ALU1705,4614.11,11/6/2024,Cash,Alumni Reunion Drive,USD
DON0539,ALU1012,767.06,5/14/2022,Check,Health Sciences Fundraiser,USD
DON0540,ALU0772,4984.06,1/6/2025,Credit Card,SLU Scholarship Fund,USD
DON0541,ALU1860,2379.88,6/20/2025,Bank Transfer,SLU Scholarship Fund,USD
DON0542,ALU1823,4700.5,9/28/2024,PayPal,STEM Innovation Campaign,USD
DON0543,ALU1867,4601.06,5/16/2023,Check,Annual Giving 2023,USD
DON0544,ALU0631,1512.9,1/16/2023,PayPal,SLU Scholarship Fund,USD
DON0545,ALU0505,1398.87,7/18/2024,Cash,SLU Scholarship Fund,USD
DON0546,ALU1002,1699.15,2/26/2021,Credit Card,Alumni Reunion Drive,USD
DON0547,ALU0499,2787.29,10/1/2025,Bank Transfer,Annual Giving 2023,USD
DON0548,ALU1084,4959.47,8/7/2023,Cash,SLU Scholarship Fund,USD
DON0549,ALU1164,671.3,11/21/2024,Cash,Annual Giving 2023,USD
DON0550,ALU0215,1090.12,4/12/2022,Credit Card,Global Outreach 2024,USD
DON0551,ALU0314,105.77,4/15/2024,PayPal,STEM Innovation Campaign,USD
DON0552,ALU1306,3144.59,7/11/2022,Check,Health Sciences Fundraiser,USD
DON0553,ALU0045,965.51,6/20/2024,Cash,Annual Giving 2023,USD
DON0554,ALU1551,4270.29,6/7/2022,Bank Transfer,STEM Innovation Campaign,USD
DON0555,ALU1271,3036.37,7/25/2022,Check,Health Sciences Fundraiser,USD
DON0556,ALU1743,953.03,10/9/2021,PayPal,Annual Giving 2023,USD
DON0557,ALU1490,1492.12,1/29/2025,Cash,STEM Innovation Campaign,USD
DON0558,ALU1867,1544.94,12/22/2024,Check,Annual Giving 2023,USD
DON0559,ALU1071,2539.75,2/28/2025,Credit Card,Global Outreach 2024,USD
DON0560,ALU0418,4906.34,2/24/2022,Bank Transfer,Alumni Reunion Drive,USD
DON0561,ALU1383,604.69,12/24/2023,Bank Transfer,SLU Scholarship Fund,USD
DON0562,ALU1598,928.65,8/21/2024,Cash,Annual Giving 2023,USD
DON0563,ALU0470,2333.52,9/18/2022,PayPal,Global Outreach 2024,USD
DON0564,ALU0075,119.17,7/20/2023,Bank Transfer,Health Sciences Fundraiser,USD
DON0565,ALU1339,4809.59,10/18/2022,Credit Card,STEM Innovation Campaign,USD
DON0566,ALU0162,1662.82,1/2/2025,Credit Card,Annual Giving 2023,USD
DON0567,ALU0361,1414.68,12/13/2020,Credit Card,SLU Scholarship Fund,USD
DON0568,ALU1916,1718.76,4/21/2021,Bank Transfer,Global Outreach 2024,USD
DON0569,ALU1227,1395.25,8/10/2025,Credit Card,Global Outreach 2024,USD
DON0570,ALU0563,895.01,9/14/2023,Credit Card,STEM Innovation Campaign,USD
DON0571,ALU1404,3305.44,12/19/2020,Credit Card,SLU Scholarship Fund,USD
DON0572,ALU0117,537.03,6/16/2022,Check,Global Outreach 2024,USD
DON0573,ALU1596,2010.3,1/3/2023,Credit Card,STEM Innovation Campaign,USD
DON0574,ALU0813,1435.25,5/11/2025,Check,Health Sciences Fundraiser,USD
DON0575,ALU0436,3853.82,7/20/2021,Credit Card,Annual Giving 2023,USD
DON0576,ALU0185,4752.45,3/10/2022,Bank Transfer,Global Outreach 2024,USD
DON0577,ALU0373,4422.87,3/15/2022,Check,Global Outreach 2024,USD
DON0578,ALU0638,1223.74,8/26/2021,Credit Card,Annual Giving 2023,USD
DON0579,ALU1899,1353.5,6/20/2022,Cash,Health Sciences Fundraiser,USD
DON0580,ALU1897,2958.79,2/25/2024,Bank Transfer,Global Outreach 2024,USD
DON0581,ALU0873,2493.6,6/7/2022,Cash,Annual Giving 2023,USD
DON0582,ALU0105,4270.61,11/23/2024,Cash,Alumni Reunion Drive,USD
DON0583,ALU0037,4238.29,7/24/2024,PayPal,STEM Innovation Campaign,USD
DON0584,ALU0276,2200.55,8/23/2023,PayPal,Global Outreach 2024,USD
DON0585,ALU1041,4556.15,4/25/2022,Credit Card,STEM Innovation Campaign,USD
DON0586,ALU0334,1513.97,3/31/2023,Cash,Health Sciences Fundraiser,USD
DON0587,ALU0128,2921.6,7/7/2024,Cash,Annual Giving 2023,USD
DON0588,ALU0725,4481.34,12/18/2024,PayPal,Alumni Reunion Drive,USD
DON0589,ALU1989,2849.09,2/2/2025,Credit Card,Health Sciences Fundraiser,USD
DON0590,ALU1534,2703.55,9/5/2021,Cash,Global Outreach 2024,USD
DON0591,ALU1205,4886.55,1/12/2021,Credit Card,Alumni Reunion Drive,USD
DON0592,ALU1229,3652.85,1/1/2023,Cash,SLU Scholarship Fund,USD
DON0593,ALU0679,4100.49,8/17/2024,PayPal,Alumni Reunion Drive,USD
DON0594,ALU0457,3740.56,4/24/2023,PayPal,SLU Scholarship Fund,USD
DON0595,ALU0113,1389.87,9/18/2021,Bank Transfer,Alumni Reunion Drive,USD
DON0596,ALU0505,1464.21,9/15/2022,Bank Transfer,Global Outreach 2024,USD
DON0597,ALU1398,3541.01,11/19/2024,Bank Transfer,Annual Giving 2023,USD
DON0598,ALU1376,2388.24,7/19/2023,Credit Card,STEM Innovation Campaign,USD
DON0599,ALU1392,3818.88,7/4/2022,Credit Card,Global Outreach 2024,USD
DON0600,ALU0206,2431.57,12/22/2022,Bank Transfer,Annual Giving 2023,USD
DON0601,ALU0082,1374.83,5/5/2023,Cash,STEM Innovation Campaign,USD
DON0602,ALU1830,349.56,3/26/2025,PayPal,SLU Scholarship Fund,USD
DON0603,ALU1873,2732.82,12/23/2023,PayPal,Health Sciences Fundraiser,USD
DON0604,ALU0633,2706.63,6/19/2022,Cash,Annual Giving 2023,USD
DON0605,ALU1417,2773.41,5/10/2024,Cash,SLU Scholarship Fund,USD
DON0606,ALU1296,4863.52,8/23/2024,Bank Transfer,Annual Giving 2023,USD
DON0607,ALU1422,4841.85,6/6/2023,Check,SLU Scholarship Fund,USD
DON0608,ALU0301,2235.72,12/1/2024,Credit Card,Global Outreach 2024,USD
DON0609,ALU1566,1040.54,4/11/2022,Cash,STEM Innovation Campaign,USD
DON0610,ALU1934,2196.75,4/19/2023,Check,Health Sciences Fundraiser,USD
DON0611,ALU1443,4146.32,9/2/2024,Bank Transfer,Alumni Reunion Drive,USD
DON0612,ALU0145,75.6,9/9/2024,Credit Card,STEM Innovation Campaign,USD
DON0613,ALU0061,3904.64,7/26/2021,Cash,STEM Innovation Campaign,USD
DON0614,ALU1159,4457.28,10/16/2021,Check,Global Outreach 2024,USD
DON0615,ALU0202,248.61,1/29/2023,Credit Card,Annual Giving 2023,USD
DON0616,ALU1739,1849.71,9/28/2025,Cash,Health Sciences Fundraiser,USD
DON0617,ALU1432,3308.98,5/23/2024,Credit Card,Alumni Reunion Drive,USD
DON0618,ALU0961,1407.51,3/14/2025,Credit Card,STEM Innovation Campaign,USD
DON0619,ALU0775,3950.31,10/23/2021,Bank Transfer,Annual Giving 2023,USD
DON0620,ALU0309,2825.95,4/4/2024,Credit Card,Annual Giving 2023,USD
DON0621,ALU0131,3153.23,6/11/2022,Bank Transfer,SLU Scholarship Fund,USD
DON0622,ALU0871,2101.01,12/2/2023,Credit Card,STEM Innovation Campaign,USD
DON0623,ALU0867,3358.83,1/12/2025,PayPal,SLU Scholarship Fund,USD
DON0624,ALU0778,2954.17,10/13/2022,Bank Transfer,SLU Scholarship Fund,USD
DON0625,ALU1036,813.13,12/23/2020,Credit Card,Annual Giving 2023,USD
DON0626,ALU1178,4965.01,8/13/2023,Credit Card,Health Sciences Fundraiser,USD
DON0627,ALU1572,609.03,7/2/2023,Credit Card,Health Sciences Fundraiser,USD
DON0628,ALU0460,3870.54,6/12/2025,Cash,SLU Scholarship Fund,USD
DON0629,ALU0420,608.88,4/25/2022,PayPal,Health Sciences Fundraiser,USD
DON0630,ALU1381,127.77,12/22/2024,Check,STEM Innovation Campaign,USD
DON0631,ALU1569,1366.9,11/4/2022,Check,Global Outreach 2024,USD
DON0632,ALU1352,782.58,8/12/2022,Cash,SLU Scholarship Fund,USD
DON0633,ALU0369,805.53,6/17/2022,Check,SLU Scholarship Fund,USD
DON0634,ALU0853,2654.37,5/2/2025,PayPal,STEM Innovation Campaign,USD
DON0635,ALU1164,2624.5,11/12/2024,PayPal,Health Sciences Fundraiser,USD
DON0636,ALU1442,350.93,4/4/2023,Credit Card,Health Sciences Fundraiser,USD
DON0637,ALU1753,2634.89,4/12/2022,Cash,Annual Giving 2023,USD
DON0638,ALU0030,103.03,3/31/2021,Credit Card,Health Sciences Fundraiser,USD
DON0639,ALU1526,624.49,10/27/2021,Credit Card,SLU Scholarship Fund,USD
DON0640,ALU1823,576.7,1/22/2025,PayPal,Global Outreach 2024,USD
DON0641,ALU1932,2160.61,5/3/2025,Check,Alumni Reunion Drive,USD
DON0642,ALU1271,4788.86,4/26/2023,PayPal,SLU Scholarship Fund,USD
DON0643,ALU1065,1596.94,11/14/2024,PayPal,STEM Innovation Campaign,USD
DON0644,ALU1994,195.64,2/22/2021,PayPal,STEM Innovation Campaign,USD
DON0645,ALU0491,1777.11,3/3/2025,Credit Card,Health Sciences Fundraiser,USD
DON0646,ALU1762,4450.61,1/29/2023,Cash,SLU Scholarship Fund,USD
DON0647,ALU0849,2159.98,7/22/2024,Check,Global Outreach 2024,USD
DON0648,ALU0536,2233.01,12/22/2024,Bank Transfer,Global Outreach 2024,USD
DON0649,ALU0801,4474.5,5/12/2023,Check,Annual Giving 2023,USD
DON0650,ALU1153,3863.65,7/21/2022,PayPal,Global Outreach 2024,USD
DON0651,ALU0907,1591.53,9/27/2021,Cash,Annual Giving 2023,USD
DON0652,ALU0087,2413.32,4/2/2023,Credit Card,Annual Giving 2023,USD
DON0653,ALU0530,3754.37,7/13/2024,PayPal,Alumni Reunion Drive,USD
DON0654,ALU0840,681.19,6/11/2023,Check,SLU Scholarship Fund,USD
DON0655,ALU0819,989.53,3/25/2022,PayPal,Health Sciences Fundraiser,USD
DON0656,ALU0322,4935.79,6/15/2025,Credit Card,Alumni Reunion Drive,USD
DON0657,ALU0889,1363.63,1/17/2022,PayPal,SLU Scholarship Fund,USD
DON0658,ALU0198,1931.42,12/9/2024,Bank Transfer,Global Outreach 2024,USD
DON0659,ALU1598,4647.22,4/17/2021,Cash,Annual Giving 2023,USD
DON0660,ALU0730,3656.37,3/5/2023,Credit Card,Health Sciences Fundraiser,USD
DON0661,ALU0077,1163.86,11/29/2022,Cash,Annual Giving 2023,USD
DON0662,ALU0842,851.25,12/4/2022,Credit Card,Health Sciences Fundraiser,USD
DON0663,ALU0693,1298.2,6/9/2023,Cash,Health Sciences Fundraiser,USD
DON0664,ALU0069,1895.78,10/30/2021,PayPal,Health Sciences Fundraiser,USD
DON0665,ALU1222,2071.25,12/13/2022,PayPal,Global Outreach 2024,USD
DON0666,ALU1658,3248.34,7/29/2022,Bank Transfer,Annual Giving 2023,USD
DON0667,ALU1622,2534,1/8/2021,PayPal,SLU Scholarship Fund,USD
DON0668,ALU1406,1429.87,5/27/2022,Cash,Alumni Reunion Drive,USD
DON0669,ALU1995,4284.34,4/23/2022,Cash,STEM Innovation Campaign,USD
DON0670,ALU0175,2731.28,2/2/2022,Credit Card,Global Outreach 2024,USD
DON0671,ALU0940,3009.21,11/24/2021,Bank Transfer,SLU Scholarship Fund,USD
DON0672,ALU1198,1851.74,9/10/2022,Bank Transfer,Global Outreach 2024,USD
DON0673,ALU0575,1532.52,10/23/2021,Check,Annual Giving 2023,USD
DON0674,ALU0004,2560.95,6/16/2022,Bank Transfer,Alumni Reunion Drive,USD
DON0675,ALU0404,4569.57,12/2/2020,Bank Transfer,Alumni Reunion Drive,USD
DON0676,ALU0159,3442.65,2/28/2021,Cash,Health Sciences Fundraiser,USD
DON0677,ALU0159,2512.45,2/21/2022,Bank Transfer,Global Outreach 2024,USD
DON0678,ALU1961,4005.11,1/16/2022,Bank Transfer,STEM Innovation Campaign,USD
DON0679,ALU0759,3022.99,3/19/2024,Cash,Global Outreach 2024,USD
DON0680,ALU1870,745,10/10/2023,Cash,STEM Innovation Campaign,USD
DON0681,ALU0909,3896.38,11/13/2023,Check,Health Sciences Fundraiser,USD
DON0682,ALU0662,469.85,7/22/2022,Credit Card,STEM Innovation Campaign,USD
DON0683,ALU1186,213.56,12/12/2021,Credit Card,Health Sciences Fundraiser,USD
DON0684,ALU0748,2045.32,5/11/2023,Check,Global Outreach 2024,USD
DON0685,ALU0552,1147.06,10/4/2021,Credit Card,Alumni Reunion Drive,USD
DON0686,ALU0299,2758.97,2/15/2024,Cash,Annual Giving 2023,USD
DON0687,ALU1332,3185.6,11/29/2021,Bank Transfer,SLU Scholarship Fund,USD
DON0688,ALU0334,4266.39,1/24/2024,Check,Global Outreach 2024,USD
DON0689,ALU1336,686.37,12/9/2024,PayPal,Global Outreach 2024,USD
DON0690,ALU1470,488.94,4/9/2021,PayPal,Health Sciences Fundraiser,USD
DON0691,ALU1693,2758.06,2/6/2025,PayPal,Annual Giving 2023,USD
DON0692,ALU1112,3943.51,7/4/2024,Check,Global Outreach 2024,USD
DON0693,ALU0866,819.54,12/13/2022,Cash,Health Sciences Fundraiser,USD
DON0694,ALU1116,1309.93,3/20/2022,Bank Transfer,SLU Scholarship Fund,USD
DON0695,ALU1150,4909.11,1/15/2025,PayPal,Health Sciences Fundraiser,USD
DON0696,ALU0883,1598.2,3/24/2023,Check,SLU Scholarship Fund,USD
DON0697,ALU0626,1149.54,10/6/2024,Cash,Health Sciences Fundraiser,USD
DON0698,ALU0954,1773.01,7/3/2025,Bank Transfer,Health Sciences Fundraiser,USD
DON0699,ALU1410,4663.48,4/26/2025,Bank Transfer,Global Outreach 2024,USD
DON0700,ALU0103,1869.33,6/3/2024,PayPal,STEM Innovation Campaign,USD
DON0701,ALU1518,2175.12,5/24/2022,Cash,Annual Giving 2023,USD
DON0702,ALU1103,2560.41,2/19/2022,Bank Transfer,Alumni Reunion Drive,USD
DON0703,ALU0804,1751.36,7/5/2023,Bank Transfer,STEM Innovation Campaign,USD
DON0704,ALU1082,4342.83,7/28/2025,Bank Transfer,STEM Innovation Campaign,USD
DON0705,ALU0825,384.78,4/18/2025,PayPal,Health Sciences Fundraiser,USD
DON0706,ALU1344,254.74,8/6/2025,Check,STEM Innovation Campaign,USD
DON0707,ALU1860,1145.39,5/17/2021,Credit Card,Health Sciences Fundraiser,USD
DON0708,ALU1410,1532.05,10/21/2025,Bank Transfer,Alumni Reunion Drive,USD
DON0709,ALU1476,2982.17,6/22/2024,Cash,STEM Innovation Campaign,USD
DON0710,ALU0820,1967.92,12/26/2023,Check,SLU Scholarship Fund,USD
DON0711,ALU0884,4406.15,1/10/2025,Bank Transfer,SLU Scholarship Fund,USD
DON0712,ALU1659,232.7,6/21/2025,Bank Transfer,Global Outreach 2024,USD
DON0713,ALU0278,2852.39,4/10/2024,Credit Card,SLU Scholarship Fund,USD
DON0714,ALU0232,380.97,7/31/2024,Credit Card,Global Outreach 2024,USD
DON0715,ALU0454,4820.84,8/3/2024,PayPal,Health Sciences Fundraiser,USD
DON0716,ALU1977,2252.1,4/11/2022,Check,Health Sciences Fundraiser,USD
DON0717,ALU0020,4586.83,1/13/2023,Check,Alumni Reunion Drive,USD
DON0718,ALU0981,522.14,4/12/2023,Cash,Annual Giving 2023,USD
DON0719,ALU0325,203.54,7/22/2024,Bank Transfer,Global Outreach 2024,USD
DON0720,ALU0969,2868.72,5/23/2023,Check,Global Outreach 2024,USD
DON0721,ALU1918,2153.35,10/31/2020,Bank Transfer,Alumni Reunion Drive,USD
DON0722,ALU0727,2769.52,9/15/2021,PayPal,STEM Innovation Campaign,USD
DON0723,ALU1429,1296.91,8/17/2022,PayPal,SLU Scholarship Fund,USD
DON0724,ALU0232,3046.37,2/8/2025,Bank Transfer,SLU Scholarship Fund,USD
DON0725,ALU0968,4188.37,5/7/2022,Credit Card,Annual Giving 2023,USD
DON0726,ALU0864,282,4/12/2021,Check,Annual Giving 2023,USD
DON0727,ALU1027,3478.19,8/27/2024,Credit Card,Health Sciences Fundraiser,USD
DON0728,ALU1358,3218.77,10/10/2024,Cash,Global Outreach 2024,USD
DON0729,ALU1512,4970.69,8/10/2021,Cash,SLU Scholarship Fund,USD
DON0730,ALU1363,3070.64,12/7/2023,Cash,Global Outreach 2024,USD
DON0731,ALU1046,3171.93,10/1/2025,Bank Transfer,Annual Giving 2023,USD
DON0732,ALU0976,2833.46,10/31/2020,Bank Transfer,Annual Giving 2023,USD
DON0733,ALU0389,2353.43,4/26/2024,Cash,Health Sciences Fundraiser,USD
DON0734,ALU0013,4307.51,2/20/2025,Cash,SLU Scholarship Fund,USD
DON0735,ALU0465,3278.98,6/9/2023,Bank Transfer,Global Outreach 2024,USD
DON0736,ALU0610,2677.07,6/3/2024,Cash,SLU Scholarship Fund,USD
DON0737,ALU1744,3721.15,3/26/2025,Cash,STEM Innovation Campaign,USD
DON0738,ALU0069,2217.62,5/14/2023,Credit Card,Health Sciences Fundraiser,USD
DON0739,ALU1284,906.8,6/20/2025,Bank Transfer,SLU Scholarship Fund,USD
DON0740,ALU0355,1254.66,7/28/2025,Check,STEM Innovation Campaign,USD
DON0741,ALU0817,4655.89,7/8/2025,PayPal,STEM Innovation Campaign,USD
DON0742,ALU0918,206.1,8/2/2022,Bank Transfer,STEM Innovation Campaign,USD
DON0743,ALU0511,3366.08,9/1/2023,Check,STEM Innovation Campaign,USD
DON0744,ALU1316,296.58,6/4/2025,Cash,Health Sciences Fundraiser,USD
DON0745,ALU0595,4103.11,1/12/2025,PayPal,STEM Innovation Campaign,USD
DON0746,ALU1380,3457.53,11/28/2021,Cash,Global Outreach 2024,USD
DON0747,ALU1843,1280.25,9/4/2025,Credit Card,SLU Scholarship Fund,USD
DON0748,ALU1183,3291.21,4/4/2022,Bank Transfer,STEM Innovation Campaign,USD
DON0749,ALU1476,3754.94,1/11/2023,Cash,SLU Scholarship Fund,USD
DON0750,ALU0085,4423.71,12/23/2020,Cash,SLU Scholarship Fund,USD
DON0751,ALU1392,2908.92,5/28/2021,Check,STEM Innovation Campaign,USD
DON0752,ALU1298,3327,10/4/2023,Check,Alumni Reunion Drive,USD
DON0753,ALU0537,467.76,12/19/2021,PayPal,SLU Scholarship Fund,USD
DON0754,ALU0203,2608.73,4/20/2025,Credit Card,Global Outreach 2024,USD
DON0755,ALU1642,1752.32,6/15/2025,Check,Global Outreach 2024,USD
DON0756,ALU1306,427.9,3/17/2025,Bank Transfer,STEM Innovation Campaign,USD
DON0757,ALU0968,3957.92,4/27/2025,Credit Card,Annual Giving 2023,USD
DON0758,ALU1696,923.06,2/27/2024,Credit Card,SLU Scholarship Fund,USD
DON0759,ALU0731,4310.65,7/8/2024,PayPal,Health Sciences Fundraiser,USD
DON0760,ALU0207,810.78,11/3/2021,Credit Card,SLU Scholarship Fund,USD
DON0761,ALU0092,4366.55,7/20/2021,PayPal,STEM Innovation Campaign,USD
DON0762,ALU1172,3120.67,5/18/2023,Check,SLU Scholarship Fund,USD
DON0763,ALU0942,4518.65,12/14/2021,Check,SLU Scholarship Fund,USD
DON0764,ALU1027,1138.16,4/14/2024,Credit Card,STEM Innovation Campaign,USD
DON0765,ALU0365,964.68,7/23/2024,Bank Transfer,SLU Scholarship Fund,USD
DON0766,ALU0453,64.03,11/30/2022,Bank Transfer,Annual Giving 2023,USD
DON0767,ALU1406,1178.36,3/25/2021,Bank Transfer,Alumni Reunion Drive,USD
DON0768,ALU0966,2867.41,6/19/2025,Cash,Annual Giving 2023,USD
DON0769,ALU1465,2976.06,6/2/2021,Cash,STEM Innovation Campaign,USD
DON0770,ALU1544,4188.93,11/12/2020,Cash,Health Sciences Fundraiser,USD
DON0771,ALU0604,4962.81,9/5/2024,Cash,Annual Giving 2023,USD
DON0772,ALU0549,4765.68,9/20/2024,PayPal,Global Outreach 2024,USD
DON0773,ALU0498,4125.89,7/12/2022,Check,STEM Innovation Campaign,USD
DON0774,ALU1252,833.05,12/5/2021,PayPal,Annual Giving 2023,USD
DON0775,ALU0186,2614.34,7/16/2025,PayPal,Annual Giving 2023,USD
DON0776,ALU1739,3172.07,3/16/2023,Credit Card,SLU Scholarship Fund,USD
DON0777,ALU1228,4222.35,9/8/2022,PayPal,STEM Innovation Campaign,USD
DON0778,ALU0276,3638.62,10/4/2025,Check,Alumni Reunion Drive,USD
DON0779,ALU1337,1063.49,1/27/2021,PayPal,Annual Giving 2023,USD
DON0780,ALU0536,4781.34,12/3/2023,Check,Alumni Reunion Drive,USD
DON0781,ALU0785,539.18,9/23/2025,Bank Transfer,Health Sciences Fundraiser,USD
DON0782,ALU0783,3323.59,7/23/2024,Bank Transfer,Annual Giving 2023,USD
DON0783,ALU0046,2426.2,6/28/2024,Check,SLU Scholarship Fund,USD
DON0784,ALU1269,3300.16,7/8/2024,Credit Card,Annual Giving 2023,USD
DON0785,ALU0581,1902.41,5/7/2024,Bank Transfer,STEM Innovation Campaign,USD
DON0786,ALU1169,4731.61,7/10/2023,PayPal,Alumni Reunion Drive,USD
DON0787,ALU0001,2165.65,7/22/2021,PayPal,Annual Giving 2023,USD
DON0788,ALU1446,4769.14,7/9/2023,Credit Card,Alumni Reunion Drive,USD
DON0789,ALU1428,3116.22,2/17/2024,PayPal,Annual Giving 2023,USD
DON0790,ALU1453,1718.98,7/27/2024,PayPal,Global Outreach 2024,USD
DON0791,ALU0083,1171.48,1/5/2023,PayPal,Alumni Reunion Drive,USD
DON0792,ALU1599,58.99,9/24/2024,Check,Alumni Reunion Drive,USD
DON0793,ALU1877,1792.86,5/18/2021,Bank Transfer,Global Outreach 2024,USD
DON0794,ALU0149,4419.42,11/3/2024,Cash,STEM Innovation Campaign,USD
DON0795,ALU1038,503.18,12/23/2021,PayPal,Annual Giving 2023,USD
DON0796,ALU0010,2382.01,8/16/2022,PayPal,Annual Giving 2023,USD
DON0797,ALU1009,1229.25,2/7/2022,Check,Alumni Reunion Drive,USD
DON0798,ALU0052,3437.56,1/3/2025,PayPal,Health Sciences Fundraiser,USD
DON0799,ALU1244,2801.79,9/20/2024,PayPal,Health Sciences Fundraiser,USD
DON0800,ALU0840,3662.79,2/10/2023,PayPal,STEM Innovation Campaign,USD
