MentorshipID,MentorAlumniID,MenteeAlumniID,StartDate,EndDate,MentorshipStatus,FocusArea
MENT0001,ALU1813,ALU1384,12/7/2026,5/5/2027,Active,Leadership
MENT0002,ALU1392,ALU1210,4/24/2026,10/15/2027,Active,Leadership
MENT0003,ALU0527,ALU1696,7/5/2021,9/24/2024,Completed,Leadership
MENT0004,ALU1950,ALU0440,8/17/2026,1/5/2025,Active,Leadership
MENT0005,ALU0168,ALU1953,1/3/2026,2/15/2027,Active,Entrepreneurship
MENT0006,ALU1846,ALU0349,4/30/2026,10/12/2027,Active,Graduate School Prep
MENT0007,ALU0752,ALU0002,2/11/2023,9/6/2024,Completed,Entrepreneurship
MENT0008,ALU0185,ALU1275,4/24/2026,8/2/2027,Active,Networking
MENT0009,ALU0094,ALU0883,10/20/2026,5/18/2027,Active,Entrepreneurship
MENT0010,ALU0916,ALU1650,7/31/2024,1/18/2025,Completed,Entrepreneurship
MENT0011,ALU0045,ALU1330,5/23/2022,4/15/2024,Completed,Career Guidance
MENT0012,ALU0234,ALU1567,11/26/2026,10/26/2027,Active,Entrepreneurship
MENT0013,ALU0148,ALU1315,11/17/2026,12/19/2027,Active,Career Guidance
MENT0014,ALU1594,ALU0922,8/2/2022,9/1/2024,Completed,Networking
MENT0015,ALU0007,ALU0689,7/27/2023,3/31/2025,Completed,Leadership
MENT0016,ALU0927,ALU1544,11/2/2021,12/31/2021,Completed,Career Guidance
MENT0017,ALU1630,ALU1073,2/15/2023,9/10/2025,Completed,Graduate School Prep
MENT0018,ALU0015,ALU1164,3/16/2022,1/13/2023,Active,Career Guidance
MENT0019,ALU0629,ALU0344,1/23/2023,3/4/2023,Active,Entrepreneurship
MENT0020,ALU1772,ALU0487,11/30/2021,12/9/2021,Active,Networking
MENT0021,ALU0718,ALU1858,2/12/2022,11/7/2023,Completed,Graduate School Prep
MENT0022,ALU1054,ALU0298,9/18/2023,2/9/2025,Completed,Career Guidance
MENT0023,ALU0028,ALU0619,10/4/2024,2/27/2025,Active,Career Guidance
MENT0024,ALU1671,ALU1188,4/10/2022,4/8/2025,Active,Networking
MENT0025,ALU1208,ALU1172,6/3/2023,2/12/2024,Active,Graduate School Prep
MENT0026,ALU0271,ALU0752,12/3/2023,8/1/2025,Active,Career Guidance
MENT0027,ALU0580,ALU0390,5/17/2023,8/19/2023,Completed,Graduate School Prep
MENT0028,ALU0214,ALU1241,2/5/2024,9/30/2024,Active,Career Guidance
MENT0029,ALU0913,ALU1088,8/6/2022,6/2/2023,Completed,Leadership
MENT0030,ALU1742,ALU0481,8/27/2024,9/12/2025,Completed,Entrepreneurship
MENT0031,ALU1427,ALU0978,12/30/2021,3/11/2024,Completed,Graduate School Prep
MENT0032,ALU0055,ALU1338,4/25/2024,2/21/2025,Active,Graduate School Prep
MENT0033,ALU0082,ALU1880,5/8/2024,4/4/2025,Active,Networking
MENT0034,ALU0767,ALU1762,6/27/2023,9/12/2023,Completed,Graduate School Prep
MENT0035,ALU0792,ALU0827,2/28/2024,1/8/2025,Completed,Networking
MENT0036,ALU1901,ALU0949,5/13/2024,4/26/2025,Active,Leadership
MENT0037,ALU1061,ALU1923,5/26/2024,10/18/2024,Completed,Graduate School Prep
MENT0038,ALU1838,ALU0622,12/8/2022,4/15/2025,Completed,Networking
MENT0039,ALU1566,ALU1054,9/9/2022,8/8/2024,Completed,Entrepreneurship
MENT0040,ALU0623,ALU1951,4/9/2024,10/1/2025,Completed,Networking
MENT0041,ALU0803,ALU0900,2/12/2024,7/11/2024,Completed,Graduate School Prep
MENT0042,ALU1906,ALU1088,10/1/2024,1/15/2025,Active,Career Guidance
MENT0043,ALU0752,ALU0662,2/5/2024,4/11/2024,Active,Leadership
MENT0044,ALU0251,ALU0178,10/19/2024,12/27/2024,Completed,Leadership
MENT0045,ALU1317,ALU0107,8/23/2023,4/6/2024,Active,Career Guidance
MENT0046,ALU1218,ALU1822,6/25/2022,5/16/2025,Completed,Career Guidance
MENT0047,ALU0162,ALU0338,4/27/2023,8/12/2023,Active,Entrepreneurship
MENT0048,ALU0206,ALU1351,7/17/2024,5/13/2025,Completed,Entrepreneurship
MENT0049,ALU1349,ALU0003,12/12/2023,8/12/2025,Completed,Networking
MENT0050,ALU1513,ALU0189,9/21/2024,4/24/2025,Completed,Career Guidance
MENT0051,ALU0571,ALU1751,12/28/2023,7/8/2024,Active,Graduate School Prep
MENT0052,ALU1359,ALU0934,5/9/2023,1/15/2024,Active,Graduate School Prep
MENT0053,ALU0921,ALU1875,9/14/2022,4/14/2025,Active,Networking
MENT0054,ALU0753,ALU1558,4/2/2024,9/18/2024,Completed,Entrepreneurship
MENT0055,ALU1804,ALU0105,10/9/2023,2/26/2024,Completed,Career Guidance
MENT0056,ALU1794,ALU0056,6/3/2022,7/6/2022,Active,Networking
MENT0057,ALU0537,ALU0632,8/23/2022,4/19/2025,Active,Leadership
MENT0058,ALU0308,ALU0774,10/30/2022,8/25/2025,Active,Graduate School Prep
MENT0059,ALU1500,ALU1801,3/20/2023,6/26/2024,Active,Graduate School Prep
MENT0060,ALU1293,ALU0505,6/29/2024,3/20/2025,Active,Career Guidance
MENT0061,ALU0875,ALU0572,5/14/2022,2/28/2024,Active,Networking
MENT0062,ALU1455,ALU0737,9/25/2023,4/11/2024,Completed,Graduate School Prep
MENT0063,ALU0189,ALU1733,8/28/2023,4/13/2025,Completed,Graduate School Prep
MENT0064,ALU1387,ALU0638,3/4/2023,1/3/2024,Active,Leadership
MENT0065,ALU1212,ALU1314,8/10/2022,2/9/2024,Active,Career Guidance
MENT0066,ALU0884,ALU0944,7/17/2023,3/28/2025,Active,Networking
MENT0067,ALU1423,ALU1687,1/18/2022,1/24/2024,Completed,Graduate School Prep
MENT0068,ALU1787,ALU1473,11/20/2023,7/19/2024,Completed,Leadership
MENT0069,ALU0579,ALU1078,4/25/2023,9/2/2023,Completed,Networking
MENT0070,ALU0640,ALU0528,12/20/2022,12/7/2024,Completed,Graduate School Prep
MENT0071,ALU1741,ALU0180,2/15/2024,6/18/2025,Completed,Career Guidance
MENT0072,ALU1870,ALU0085,4/15/2022,12/30/2023,Completed,Leadership
MENT0073,ALU0057,ALU1604,11/27/2022,5/27/2023,Completed,Graduate School Prep
MENT0074,ALU1835,ALU1718,9/2/2022,1/22/2024,Active,Career Guidance
MENT0075,ALU0130,ALU0457,10/24/2024,7/7/2025,Completed,Career Guidance
MENT0076,ALU0922,ALU0125,8/5/2023,8/14/2023,Completed,Career Guidance
MENT0077,ALU1818,ALU1672,11/3/2023,12/27/2024,Completed,Networking
MENT0078,ALU1111,ALU0708,12/4/2023,8/29/2025,Completed,Graduate School Prep
MENT0079,ALU1816,ALU1801,4/18/2022,1/19/2025,Completed,Graduate School Prep
MENT0080,ALU1379,ALU1909,8/9/2022,6/9/2024,Active,Graduate School Prep
MENT0081,ALU0969,ALU0340,10/18/2024,9/25/2025,Completed,Career Guidance
MENT0082,ALU1114,ALU1575,1/20/2022,1/22/2025,Completed,Entrepreneurship
MENT0083,ALU1423,ALU1457,7/17/2022,12/14/2023,Completed,Networking
MENT0084,ALU1284,ALU0964,10/13/2022,1/15/2025,Completed,Graduate School Prep
MENT0085,ALU1243,ALU0280,7/8/2024,12/20/2024,Completed,Leadership
MENT0086,ALU0721,ALU0727,12/31/2021,8/21/2024,Completed,Career Guidance
MENT0087,ALU1393,ALU1357,8/6/2024,8/14/2025,Completed,Entrepreneurship
MENT0088,ALU0025,ALU0279,6/15/2022,11/7/2022,Completed,Networking
MENT0089,ALU1318,ALU1016,6/28/2024,8/23/2024,Completed,Graduate School Prep
MENT0090,ALU1437,ALU0650,12/3/2021,12/7/2022,Active,Leadership
MENT0091,ALU1132,ALU0407,7/1/2024,9/8/2024,Completed,Career Guidance
MENT0092,ALU0171,ALU0205,9/12/2022,11/29/2023,Completed,Networking
MENT0093,ALU1026,ALU1561,4/5/2022,7/14/2025,Active,Career Guidance
MENT0094,ALU1235,ALU1910,8/3/2023,11/14/2023,Completed,Career Guidance
MENT0095,ALU0602,ALU0947,5/20/2024,10/23/2024,Completed,Networking
MENT0096,ALU1769,ALU0815,10/28/2023,7/11/2025,Completed,Career Guidance
MENT0097,ALU0476,ALU0922,5/21/2024,5/22/2024,Completed,Networking
MENT0098,ALU1813,ALU0354,4/4/2024,7/2/2025,Completed,Networking
MENT0099,ALU1941,ALU0674,12/31/2023,6/20/2024,Active,Networking
MENT0100,ALU0093,ALU1913,7/6/2023,2/20/2025,Active,Networking
MENT0101,ALU0063,ALU0085,4/16/2024,5/11/2024,Completed,Career Guidance
MENT0102,ALU1632,ALU1330,5/10/2024,8/20/2024,Active,Graduate School Prep
MENT0103,ALU0848,ALU1052,7/1/2022,10/13/2025,Active,Career Guidance
MENT0104,ALU0671,ALU1810,9/2/2024,9/15/2025,Completed,Leadership
MENT0105,ALU1940,ALU1038,9/6/2022,6/16/2024,Completed,Entrepreneurship
MENT0106,ALU1696,ALU0319,5/4/2024,5/31/2024,Active,Networking
MENT0107,ALU0636,ALU1442,2/7/2024,5/11/2024,Active,Graduate School Prep
MENT0108,ALU1054,ALU1918,1/13/2024,8/9/2024,Completed,Entrepreneurship
MENT0109,ALU1481,ALU1497,2/14/2023,5/29/2023,Completed,Graduate School Prep
MENT0110,ALU1643,ALU0877,4/17/2022,11/14/2023,Active,Graduate School Prep
MENT0111,ALU0271,ALU0282,6/13/2024,12/27/2024,Completed,Career Guidance
MENT0112,ALU1370,ALU0352,5/21/2022,5/1/2025,Completed,Graduate School Prep
MENT0113,ALU1779,ALU1358,10/4/2023,2/11/2024,Completed,Career Guidance
MENT0114,ALU1062,ALU1742,5/12/2024,8/13/2025,Completed,Leadership
MENT0115,ALU0529,ALU0915,10/20/2023,12/11/2023,Completed,Networking
MENT0116,ALU0065,ALU0025,4/23/2022,11/4/2024,Active,Leadership
MENT0117,ALU1668,ALU1245,11/11/2021,6/3/2025,Completed,Graduate School Prep
MENT0118,ALU0450,ALU1692,9/5/2023,7/11/2025,Completed,Networking
MENT0119,ALU0375,ALU1668,2/19/2024,8/16/2024,Completed,Networking
MENT0120,ALU1561,ALU0153,3/15/2022,8/22/2022,Active,Entrepreneurship
MENT0121,ALU1266,ALU0142,12/6/2023,9/11/2024,Completed,Entrepreneurship
MENT0122,ALU1120,ALU0247,1/24/2024,9/25/2025,Active,Leadership
MENT0123,ALU1180,ALU0028,1/8/2023,3/27/2023,Active,Graduate School Prep
MENT0124,ALU1339,ALU0483,5/11/2023,5/1/2025,Active,Career Guidance
MENT0125,ALU0220,ALU1895,6/28/2024,1/3/2025,Active,Networking
MENT0126,ALU1733,ALU1702,6/9/2024,10/27/2025,Completed,Networking
MENT0127,ALU0992,ALU1143,10/21/2023,7/15/2024,Completed,Leadership
MENT0128,ALU0014,ALU0620,11/26/2021,5/26/2025,Active,Networking
MENT0129,ALU1486,ALU1334,1/22/2024,3/25/2024,Active,Entrepreneurship
MENT0130,ALU0534,ALU0836,2/22/2022,6/29/2024,Active,Graduate School Prep
MENT0131,ALU1929,ALU0088,1/3/2023,8/21/2023,Active,Networking
MENT0132,ALU0668,ALU1776,10/3/2022,8/12/2025,Active,Leadership
MENT0133,ALU1468,ALU1745,12/16/2022,1/21/2023,Active,Graduate School Prep
MENT0134,ALU1201,ALU1736,10/17/2024,10/17/2025,Completed,Career Guidance
MENT0135,ALU1771,ALU1850,1/22/2023,2/19/2023,Completed,Entrepreneurship
MENT0136,ALU0996,ALU1995,4/16/2023,4/20/2025,Active,Networking
MENT0137,ALU0130,ALU1530,1/23/2023,1/20/2025,Active,Career Guidance
MENT0138,ALU0246,ALU1384,6/6/2023,10/12/2024,Active,Networking
MENT0139,ALU0292,ALU1315,1/21/2024,7/4/2024,Active,Networking
MENT0140,ALU1511,ALU1617,9/9/2023,3/15/2025,Completed,Leadership
MENT0141,ALU1146,ALU1071,9/18/2024,6/29/2025,Completed,Career Guidance
MENT0142,ALU1180,ALU0311,2/21/2023,3/31/2024,Completed,Career Guidance
MENT0143,ALU1173,ALU1445,6/30/2022,8/6/2023,Active,Career Guidance
MENT0144,ALU0631,ALU1870,10/30/2022,10/3/2023,Completed,Graduate School Prep
MENT0145,ALU1224,ALU0519,9/24/2023,6/6/2024,Active,Networking
MENT0146,ALU1959,ALU1214,1/3/2023,1/31/2023,Completed,Entrepreneurship
MENT0147,ALU0923,ALU0091,6/9/2023,9/26/2024,Completed,Networking
MENT0148,ALU1325,ALU1671,9/22/2022,11/30/2024,Active,Leadership
MENT0149,ALU0184,ALU0795,1/1/2023,9/14/2024,Active,Entrepreneurship
MENT0150,ALU1228,ALU1406,4/15/2022,8/8/2023,Completed,Career Guidance
MENT0151,ALU1518,ALU0880,9/11/2024,11/24/2024,Active,Networking
MENT0152,ALU0583,ALU1403,8/6/2024,4/21/2025,Completed,Leadership
MENT0153,ALU0447,ALU1846,10/10/2024,1/12/2025,Active,Entrepreneurship
MENT0154,ALU0813,ALU0290,12/21/2021,8/15/2023,Active,Leadership
MENT0155,ALU0947,ALU0971,7/6/2022,7/22/2024,Active,Leadership
MENT0156,ALU1966,ALU1272,7/30/2023,1/28/2024,Active,Career Guidance
MENT0157,ALU0748,ALU0841,5/22/2023,12/15/2023,Active,Entrepreneurship
MENT0158,ALU1603,ALU1519,3/3/2023,11/20/2023,Completed,Graduate School Prep
MENT0159,ALU0230,ALU1907,6/23/2024,12/7/2024,Completed,Networking
MENT0160,ALU0094,ALU1012,6/16/2024,11/30/2024,Completed,Graduate School Prep
MENT0161,ALU0962,ALU0984,5/1/2023,7/27/2025,Completed,Entrepreneurship
MENT0162,ALU1746,ALU1679,5/12/2022,10/1/2024,Active,Leadership
MENT0163,ALU0571,ALU1205,9/27/2023,2/21/2024,Completed,Leadership
MENT0164,ALU0701,ALU1078,6/1/2024,6/24/2024,Completed,Leadership
MENT0165,ALU1668,ALU1830,7/5/2024,5/8/2025,Active,Career Guidance
MENT0166,ALU1918,ALU1762,7/17/2022,10/13/2023,Completed,Leadership
MENT0167,ALU0132,ALU1766,11/4/2022,10/31/2023,Completed,Graduate School Prep
MENT0168,ALU1849,ALU1213,12/12/2021,8/30/2022,Active,Leadership
MENT0169,ALU0318,ALU0894,7/31/2022,7/14/2025,Active,Graduate School Prep
MENT0170,ALU0167,ALU0309,6/16/2022,9/9/2022,Completed,Leadership
MENT0171,ALU1299,ALU1650,2/25/2023,9/19/2025,Completed,Graduate School Prep
MENT0172,ALU1719,ALU1416,12/7/2021,12/19/2023,Completed,Graduate School Prep
MENT0173,ALU1839,ALU0807,2/12/2024,2/5/2025,Active,Leadership
MENT0174,ALU1980,ALU1728,3/9/2024,10/3/2025,Completed,Leadership
MENT0175,ALU0152,ALU0585,11/11/2023,4/6/2024,Active,Leadership
MENT0176,ALU1723,ALU1494,8/16/2023,10/3/2024,Active,Networking
MENT0177,ALU0144,ALU1353,5/16/2024,8/23/2025,Active,Networking
MENT0178,ALU1626,ALU0181,2/20/2023,6/18/2024,Completed,Graduate School Prep
MENT0179,ALU1367,ALU1956,11/28/2023,9/9/2024,Active,Networking
MENT0180,ALU1028,ALU0195,11/6/2021,6/6/2024,Completed,Leadership
MENT0181,ALU1555,ALU0801,4/16/2024,9/28/2024,Completed,Career Guidance
MENT0182,ALU1413,ALU1809,4/11/2022,3/15/2025,Active,Graduate School Prep
MENT0183,ALU1720,ALU0830,9/2/2022,7/12/2025,Active,Leadership
MENT0184,ALU0084,ALU0528,9/9/2022,9/24/2023,Active,Networking
MENT0185,ALU1558,ALU1267,8/8/2022,11/17/2023,Active,Leadership
MENT0186,ALU0805,ALU0595,6/23/2023,8/26/2023,Completed,Graduate School Prep
MENT0187,ALU1375,ALU1481,8/20/2022,12/18/2022,Completed,Leadership
MENT0188,ALU0731,ALU1535,9/9/2022,3/11/2025,Completed,Career Guidance
MENT0189,ALU1837,ALU0255,7/4/2024,3/21/2025,Completed,Career Guidance
MENT0190,ALU1851,ALU0523,5/22/2023,11/18/2024,Active,Graduate School Prep
MENT0191,ALU0829,ALU1044,12/6/2021,8/16/2023,Completed,Networking
MENT0192,ALU1908,ALU1569,6/6/2024,7/5/2024,Active,Entrepreneurship
MENT0193,ALU0772,ALU0033,3/9/2024,8/2/2025,Completed,Graduate School Prep
MENT0194,ALU0213,ALU0700,8/24/2022,8/16/2023,Active,Graduate School Prep
MENT0195,ALU1358,ALU1743,8/18/2022,4/11/2023,Completed,Networking
MENT0196,ALU1008,ALU0288,6/28/2024,3/23/2025,Active,Networking
MENT0197,ALU1796,ALU0923,6/16/2024,1/13/2025,Completed,Entrepreneurship
MENT0198,ALU0436,ALU0726,6/30/2023,3/30/2024,Completed,Leadership
MENT0199,ALU1404,ALU0644,8/18/2023,6/8/2024,Active,Networking
MENT0200,ALU0321,ALU0099,4/17/2022,7/18/2025,Completed,Leadership
MENT0201,ALU1734,ALU0202,4/19/2022,6/26/2022,Completed,Entrepreneurship
MENT0202,ALU1231,ALU1424,11/3/2023,3/24/2025,Active,Networking
MENT0203,ALU1754,ALU0846,7/17/2023,2/4/2025,Active,Entrepreneurship
MENT0204,ALU1019,ALU0351,12/20/2023,2/16/2024,Completed,Networking
MENT0205,ALU0754,ALU1750,12/24/2022,5/11/2023,Active,Networking
MENT0206,ALU1049,ALU0917,3/9/2023,12/29/2023,Active,Networking
MENT0207,ALU0955,ALU1147,2/4/2023,5/5/2025,Active,Networking
MENT0208,ALU0029,ALU1255,8/14/2024,5/24/2025,Active,Entrepreneurship
MENT0209,ALU1368,ALU0999,8/26/2023,8/14/2024,Completed,Entrepreneurship
MENT0210,ALU0452,ALU0930,5/1/2024,9/17/2025,Completed,Networking
MENT0211,ALU0335,ALU1287,9/19/2022,6/30/2023,Active,Leadership
MENT0212,ALU1025,ALU0908,7/18/2024,10/25/2025,Completed,Leadership
MENT0213,ALU0638,ALU0426,2/22/2023,7/30/2023,Active,Entrepreneurship
MENT0214,ALU1414,ALU1223,2/5/2024,11/30/2024,Completed,Entrepreneurship
MENT0215,ALU0818,ALU0467,7/31/2023,12/10/2024,Active,Networking
MENT0216,ALU1446,ALU1322,6/3/2023,5/16/2024,Completed,Entrepreneurship
MENT0217,ALU0588,ALU0862,1/25/2024,3/23/2024,Completed,Networking
MENT0218,ALU1347,ALU1381,6/10/2024,4/7/2025,Completed,Graduate School Prep
MENT0219,ALU2000,ALU0876,10/27/2023,2/22/2024,Completed,Leadership
MENT0220,ALU1057,ALU0825,2/23/2023,1/12/2024,Completed,Career Guidance
MENT0221,ALU1937,ALU1094,1/15/2022,3/3/2023,Completed,Networking
MENT0222,ALU0556,ALU1181,9/4/2022,2/2/2024,Completed,Leadership
MENT0223,ALU0535,ALU0570,1/12/2022,8/22/2025,Completed,Leadership
MENT0224,ALU1894,ALU1003,8/9/2024,8/29/2025,Completed,Career Guidance
MENT0225,ALU1704,ALU0155,10/25/2023,11/2/2024,Active,Leadership
MENT0226,ALU1207,ALU0707,4/16/2022,10/8/2024,Completed,Graduate School Prep
MENT0227,ALU1450,ALU1583,2/17/2022,6/18/2023,Active,Career Guidance
MENT0228,ALU1693,ALU0455,11/15/2023,12/5/2023,Completed,Career Guidance
MENT0229,ALU1772,ALU1510,1/13/2022,8/15/2024,Active,Leadership
MENT0230,ALU1333,ALU0117,6/16/2023,9/4/2025,Active,Networking
MENT0231,ALU1418,ALU1785,6/21/2024,3/23/2025,Active,Networking
MENT0232,ALU1505,ALU1975,12/9/2022,3/6/2024,Completed,Leadership
MENT0233,ALU0829,ALU1722,1/6/2022,2/14/2023,Completed,Entrepreneurship
MENT0234,ALU1013,ALU1408,11/7/2023,5/26/2025,Completed,Graduate School Prep
MENT0235,ALU1663,ALU0325,7/4/2023,5/21/2024,Active,Networking
MENT0236,ALU1359,ALU1182,4/5/2024,9/10/2024,Active,Leadership
MENT0237,ALU1890,ALU1571,6/19/2024,10/3/2025,Active,Leadership
MENT0238,ALU0517,ALU1036,1/23/2024,11/25/2024,Active,Entrepreneurship
MENT0239,ALU1537,ALU1288,3/6/2023,7/19/2023,Completed,Entrepreneurship
MENT0240,ALU1454,ALU1571,8/20/2024,10/11/2025,Active,Graduate School Prep
MENT0241,ALU0900,ALU0521,2/5/2022,9/10/2022,Active,Career Guidance
MENT0242,ALU1253,ALU0094,10/7/2024,11/29/2024,Completed,Graduate School Prep
MENT0243,ALU0572,ALU1876,11/13/2022,10/15/2023,Completed,Entrepreneurship
MENT0244,ALU1318,ALU1593,10/16/2023,5/17/2025,Completed,Networking
MENT0245,ALU0812,ALU1351,11/24/2023,4/14/2025,Active,Graduate School Prep
MENT0246,ALU1327,ALU0228,2/13/2022,10/17/2025,Active,Leadership
MENT0247,ALU1640,ALU0020,11/3/2021,9/15/2023,Completed,Networking
MENT0248,ALU1230,ALU1292,2/18/2024,3/3/2024,Completed,Career Guidance
MENT0249,ALU1784,ALU0232,1/12/2024,2/8/2025,Completed,Career Guidance
MENT0250,ALU0433,ALU0652,5/28/2023,11/16/2024,Completed,Career Guidance
MENT0251,ALU1548,ALU0042,8/1/2024,10/12/2025,Completed,Graduate School Prep
MENT0252,ALU0987,ALU0436,5/25/2023,1/26/2024,Completed,Graduate School Prep
MENT0253,ALU0812,ALU1731,10/24/2024,1/26/2025,Completed,Leadership
MENT0254,ALU1934,ALU0202,3/6/2023,10/21/2025,Completed,Entrepreneurship
MENT0255,ALU1637,ALU1070,6/5/2022,10/27/2023,Completed,Career Guidance
MENT0256,ALU1559,ALU0325,10/16/2024,12/6/2024,Completed,Entrepreneurship
MENT0257,ALU0156,ALU1319,12/21/2021,9/30/2022,Completed,Graduate School Prep
MENT0258,ALU1068,ALU0931,7/3/2023,10/31/2024,Completed,Leadership
MENT0259,ALU1205,ALU0238,11/13/2022,5/7/2025,Completed,Networking
MENT0260,ALU0945,ALU1459,6/5/2022,8/31/2023,Active,Leadership
MENT0261,ALU1789,ALU1700,8/1/2024,11/24/2024,Completed,Entrepreneurship
MENT0262,ALU1616,ALU1770,10/15/2022,12/11/2022,Active,Leadership
MENT0263,ALU1480,ALU1196,11/13/2022,11/9/2023,Active,Entrepreneurship
MENT0264,ALU1078,ALU0512,6/6/2022,5/8/2024,Completed,Leadership
MENT0265,ALU0278,ALU1153,4/4/2024,6/14/2024,Completed,Graduate School Prep
MENT0266,ALU1555,ALU0383,3/1/2023,4/15/2023,Active,Career Guidance
MENT0267,ALU0137,ALU1216,12/22/2021,2/6/2024,Completed,Entrepreneurship
MENT0268,ALU1784,ALU1732,2/19/2024,5/8/2024,Completed,Networking
MENT0269,ALU0140,ALU1776,7/15/2024,4/21/2025,Active,Networking
MENT0270,ALU0566,ALU0466,10/16/2024,8/13/2025,Active,Leadership
MENT0271,ALU0967,ALU0165,6/25/2023,3/1/2025,Active,Graduate School Prep
MENT0272,ALU0710,ALU0274,2/9/2023,8/24/2025,Active,Leadership
MENT0273,ALU1985,ALU0485,1/3/2022,3/25/2022,Completed,Networking
MENT0274,ALU0412,ALU1937,1/24/2024,9/20/2025,Active,Graduate School Prep
MENT0275,ALU1530,ALU1774,8/5/2024,8/28/2025,Active,Graduate School Prep
MENT0276,ALU1301,ALU0603,5/20/2022,3/24/2025,Completed,Leadership
MENT0277,ALU1505,ALU1613,12/12/2023,9/3/2024,Active,Graduate School Prep
MENT0278,ALU0662,ALU1100,11/11/2021,2/9/2023,Completed,Career Guidance
MENT0279,ALU0225,ALU0174,10/31/2021,10/20/2023,Active,Graduate School Prep
MENT0280,ALU0187,ALU1981,2/27/2022,8/29/2023,Completed,Career Guidance
MENT0281,ALU0955,ALU0065,2/23/2023,5/11/2025,Active,Career Guidance
MENT0282,ALU1263,ALU0320,4/20/2022,9/30/2025,Active,Entrepreneurship
MENT0283,ALU0882,ALU0559,8/4/2024,10/17/2025,Completed,Career Guidance
MENT0284,ALU0951,ALU1755,11/29/2021,4/19/2023,Active,Graduate School Prep
MENT0285,ALU1790,ALU1517,12/3/2022,4/11/2024,Completed,Entrepreneurship
MENT0286,ALU1759,ALU0107,8/18/2024,8/23/2025,Completed,Entrepreneurship
MENT0287,ALU1514,ALU1964,3/11/2024,7/5/2024,Completed,Entrepreneurship
MENT0288,ALU0438,ALU0219,10/7/2022,2/19/2025,Active,Networking
MENT0289,ALU0516,ALU1445,7/11/2024,10/14/2025,Active,Entrepreneurship
MENT0290,ALU0004,ALU1003,5/9/2024,3/29/2025,Completed,Entrepreneurship
MENT0291,ALU1188,ALU0646,6/15/2023,4/12/2025,Completed,Leadership
MENT0292,ALU0902,ALU1302,6/10/2024,4/23/2025,Active,Networking
MENT0293,ALU1725,ALU1225,11/12/2022,11/2/2023,Completed,Leadership
MENT0294,ALU0924,ALU1088,7/19/2022,4/9/2025,Active,Leadership
MENT0295,ALU0904,ALU0335,3/8/2023,4/3/2025,Active,Leadership
MENT0296,ALU1653,ALU0856,9/19/2022,11/5/2024,Active,Graduate School Prep
MENT0297,ALU1721,ALU0501,4/3/2023,7/23/2023,Active,Entrepreneurship
MENT0298,ALU1885,ALU1569,1/14/2024,10/11/2025,Active,Leadership
MENT0299,ALU0456,ALU0058,5/6/2022,8/4/2025,Active,Career Guidance
MENT0300,ALU0321,ALU0254,7/6/2022,4/7/2024,Active,Career Guidance
MENT0301,ALU1031,ALU0809,2/13/2023,3/12/2024,Active,Networking
MENT0302,ALU0302,ALU1603,1/8/2023,6/12/2024,Completed,Networking
MENT0303,ALU1383,ALU1922,1/15/2022,1/21/2024,Active,Entrepreneurship
MENT0304,ALU1592,ALU0240,9/17/2024,1/30/2025,Completed,Career Guidance
MENT0305,ALU0243,ALU1511,3/21/2022,12/4/2023,Completed,Leadership
MENT0306,ALU1491,ALU1566,8/11/2023,9/16/2025,Active,Networking
MENT0307,ALU1826,ALU0461,9/30/2022,12/25/2022,Active,Entrepreneurship
MENT0308,ALU0298,ALU0204,12/18/2021,1/9/2025,Completed,Leadership
MENT0309,ALU0162,ALU1668,4/22/2024,4/15/2025,Completed,Graduate School Prep
MENT0310,ALU1591,ALU1743,5/30/2023,10/13/2025,Completed,Networking
MENT0311,ALU1670,ALU1046,7/11/2024,9/30/2024,Active,Leadership
MENT0312,ALU1786,ALU0327,12/5/2021,8/2/2022,Completed,Leadership
MENT0313,ALU1302,ALU1222,11/29/2022,4/19/2023,Completed,Networking
MENT0314,ALU1341,ALU0947,1/18/2022,7/13/2023,Completed,Networking
MENT0315,ALU1935,ALU1216,6/10/2023,7/22/2023,Completed,Networking
MENT0316,ALU0796,ALU1442,7/26/2023,4/28/2025,Active,Entrepreneurship
MENT0317,ALU0635,ALU1282,7/31/2022,3/21/2025,Active,Networking
MENT0318,ALU0104,ALU1119,5/13/2024,5/30/2024,Active,Graduate School Prep
MENT0319,ALU0291,ALU0313,8/21/2022,10/10/2022,Active,Graduate School Prep
MENT0320,ALU1651,ALU1270,4/12/2022,5/24/2023,Completed,Networking
MENT0321,ALU0073,ALU0870,6/17/2024,7/7/2025,Active,Entrepreneurship
MENT0322,ALU1191,ALU1359,9/26/2022,3/16/2023,Completed,Graduate School Prep
MENT0323,ALU1962,ALU1890,3/7/2023,11/3/2024,Active,Leadership
MENT0324,ALU0852,ALU1478,12/11/2023,4/25/2025,Completed,Entrepreneurship
MENT0325,ALU1938,ALU0015,4/26/2023,6/16/2023,Completed,Entrepreneurship
MENT0326,ALU1217,ALU1381,6/23/2022,11/6/2022,Active,Career Guidance
MENT0327,ALU0906,ALU1654,11/1/2023,8/30/2025,Completed,Leadership
MENT0328,ALU1237,ALU1504,2/14/2024,11/16/2024,Completed,Career Guidance
MENT0329,ALU0436,ALU0763,10/29/2021,4/7/2024,Active,Entrepreneurship
MENT0330,ALU0019,ALU0401,9/17/2024,11/19/2024,Completed,Graduate School Prep
MENT0331,ALU1649,ALU1883,3/21/2024,11/13/2024,Active,Entrepreneurship
MENT0332,ALU0181,ALU0634,7/26/2024,10/26/2025,Active,Networking
MENT0333,ALU0407,ALU0257,2/26/2022,11/10/2023,Completed,Networking
MENT0334,ALU0407,ALU0868,8/9/2024,8/17/2024,Completed,Career Guidance
MENT0335,ALU1224,ALU1429,2/28/2022,6/13/2024,Completed,Career Guidance
MENT0336,ALU1944,ALU0252,5/9/2022,7/15/2023,Completed,Networking
MENT0337,ALU0053,ALU0849,4/23/2022,3/12/2024,Active,Graduate School Prep
MENT0338,ALU0770,ALU1549,7/10/2022,4/27/2024,Active,Entrepreneurship
MENT0339,ALU1027,ALU1362,4/22/2024,9/13/2024,Completed,Career Guidance
MENT0340,ALU0315,ALU1535,12/8/2023,9/3/2025,Active,Entrepreneurship
MENT0341,ALU1239,ALU0199,7/26/2022,4/21/2025,Completed,Networking
MENT0342,ALU1837,ALU1008,1/16/2024,3/28/2025,Active,Graduate School Prep
MENT0343,ALU0533,ALU1096,8/29/2023,12/15/2024,Active,Leadership
MENT0344,ALU1907,ALU0428,5/26/2022,7/14/2022,Active,Career Guidance
MENT0345,ALU1048,ALU0269,7/28/2024,6/9/2025,Completed,Networking
MENT0346,ALU1793,ALU0064,4/9/2024,4/10/2025,Active,Leadership
MENT0347,ALU1928,ALU0304,3/10/2023,5/10/2025,Active,Networking
MENT0348,ALU0691,ALU1362,3/8/2022,9/18/2023,Completed,Networking
MENT0349,ALU1835,ALU1051,1/7/2023,11/21/2023,Completed,Leadership
MENT0350,ALU1085,ALU0027,3/1/2022,2/16/2024,Active,Career Guidance
MENT0351,ALU0955,ALU0089,1/20/2023,11/25/2023,Active,Entrepreneurship
MENT0352,ALU1022,ALU1609,3/16/2024,7/14/2024,Completed,Graduate School Prep
MENT0353,ALU1642,ALU0002,5/24/2023,1/19/2025,Completed,Networking
MENT0354,ALU0856,ALU0096,2/1/2022,2/1/2025,Completed,Networking
MENT0355,ALU1657,ALU0295,12/2/2023,9/30/2024,Active,Leadership
MENT0356,ALU1003,ALU1131,4/3/2022,10/20/2025,Completed,Graduate School Prep
MENT0357,ALU1192,ALU0341,8/28/2022,8/22/2024,Completed,Graduate School Prep
MENT0358,ALU0867,ALU1572,1/22/2022,4/6/2024,Completed,Graduate School Prep
MENT0359,ALU0241,ALU1753,1/15/2024,5/14/2025,Active,Graduate School Prep
MENT0360,ALU1184,ALU0282,8/27/2022,10/30/2024,Completed,Networking
MENT0361,ALU1864,ALU0845,4/13/2024,5/2/2024,Active,Entrepreneurship
MENT0362,ALU0811,ALU0920,11/17/2022,12/7/2022,Active,Networking
MENT0363,ALU0382,ALU1455,3/9/2022,9/4/2023,Active,Career Guidance
MENT0364,ALU0771,ALU1898,5/26/2022,12/21/2024,Active,Networking
MENT0365,ALU0754,ALU1533,6/10/2023,6/20/2024,Active,Graduate School Prep
MENT0366,ALU1390,ALU1016,6/21/2022,8/11/2025,Completed,Entrepreneurship
MENT0367,ALU0599,ALU0172,6/16/2022,6/18/2022,Completed,Networking
MENT0368,ALU0690,ALU1264,7/16/2022,12/7/2024,Active,Graduate School Prep
MENT0369,ALU1863,ALU0240,12/3/2023,10/14/2025,Active,Entrepreneurship
MENT0370,ALU0533,ALU1101,8/7/2023,11/22/2023,Completed,Leadership
MENT0371,ALU1559,ALU1858,6/19/2022,12/9/2023,Active,Graduate School Prep
MENT0372,ALU1391,ALU0701,9/4/2023,3/7/2025,Active,Leadership
MENT0373,ALU1556,ALU1558,12/13/2023,12/2/2024,Active,Leadership
MENT0374,ALU1883,ALU1844,9/21/2024,9/13/2025,Active,Leadership
MENT0375,ALU1488,ALU0001,4/13/2022,2/9/2025,Active,Leadership
MENT0376,ALU1498,ALU0952,8/16/2023,5/17/2024,Active,Entrepreneurship
MENT0377,ALU1628,ALU1193,3/25/2022,8/19/2022,Completed,Entrepreneurship
MENT0378,ALU1750,ALU1939,7/6/2024,8/25/2024,Active,Entrepreneurship
MENT0379,ALU0018,ALU0181,11/12/2021,3/26/2024,Completed,Networking
MENT0380,ALU1400,ALU1521,10/19/2022,12/31/2023,Active,Graduate School Prep
MENT0381,ALU1669,ALU1084,1/9/2023,12/23/2023,Active,Networking
MENT0382,ALU0179,ALU1645,6/3/2022,3/26/2024,Completed,Networking
MENT0383,ALU1171,ALU0927,7/9/2022,4/17/2024,Completed,Entrepreneurship
MENT0384,ALU0762,ALU1349,7/16/2022,7/21/2022,Active,Networking
MENT0385,ALU0025,ALU1846,3/26/2023,2/28/2024,Completed,Graduate School Prep
MENT0386,ALU0150,ALU1825,5/8/2023,8/14/2024,Completed,Career Guidance
MENT0387,ALU0101,ALU0337,8/3/2023,3/11/2025,Completed,Leadership
MENT0388,ALU0481,ALU1111,7/21/2022,11/24/2023,Completed,Entrepreneurship
MENT0389,ALU0847,ALU0993,7/6/2023,8/12/2023,Active,Leadership
MENT0390,ALU1180,ALU0506,12/28/2021,10/7/2022,Active,Graduate School Prep
MENT0391,ALU0956,ALU1589,7/8/2023,12/11/2023,Completed,Networking
MENT0392,ALU1318,ALU0376,3/5/2023,7/5/2023,Completed,Entrepreneurship
MENT0393,ALU1398,ALU1292,7/6/2023,1/5/2025,Completed,Graduate School Prep
MENT0394,ALU1298,ALU0126,1/17/2022,12/22/2024,Completed,Graduate School Prep
MENT0395,ALU1332,ALU0170,7/28/2024,11/13/2024,Active,Graduate School Prep
MENT0396,ALU0885,ALU0473,2/27/2022,9/20/2023,Active,Career Guidance
MENT0397,ALU1120,ALU1283,6/30/2022,4/21/2024,Active,Graduate School Prep
MENT0398,ALU1224,ALU1640,8/15/2024,1/15/2025,Active,Networking
MENT0399,ALU1402,ALU1344,7/29/2022,5/8/2023,Active,Networking
MENT0400,ALU0842,ALU0751,11/12/2022,3/16/2025,Active,Graduate School Prep
MENT0401,ALU0816,ALU0563,11/21/2022,3/30/2023,Completed,Entrepreneurship
MENT0402,ALU0225,ALU1138,7/19/2024,12/8/2024,Active,Entrepreneurship
MENT0403,ALU0496,ALU0802,1/4/2023,6/25/2024,Active,Entrepreneurship
MENT0404,ALU1765,ALU0599,5/20/2023,8/22/2024,Completed,Entrepreneurship
MENT0405,ALU1439,ALU0800,4/17/2022,7/6/2023,Active,Entrepreneurship
MENT0406,ALU1753,ALU1363,1/10/2022,6/11/2025,Active,Entrepreneurship
MENT0407,ALU0240,ALU1581,4/3/2024,10/19/2025,Completed,Leadership
MENT0408,ALU1437,ALU0006,3/11/2024,8/16/2025,Active,Entrepreneurship
MENT0409,ALU1733,ALU0708,12/29/2023,2/3/2024,Active,Career Guidance
MENT0410,ALU1969,ALU0120,1/24/2024,9/21/2025,Active,Leadership
MENT0411,ALU1142,ALU1696,12/8/2023,5/14/2025,Active,Entrepreneurship
MENT0412,ALU1514,ALU1714,7/19/2023,1/23/2024,Completed,Graduate School Prep
MENT0413,ALU1850,ALU0720,9/30/2023,9/10/2024,Active,Career Guidance
MENT0414,ALU0675,ALU0335,6/1/2022,1/9/2023,Completed,Graduate School Prep
MENT0415,ALU1450,ALU1580,1/14/2022,7/24/2025,Completed,Leadership
MENT0416,ALU1439,ALU0783,12/30/2022,7/16/2023,Active,Networking
MENT0417,ALU1027,ALU0552,4/27/2023,3/17/2025,Completed,Entrepreneurship
MENT0418,ALU0594,ALU1584,9/21/2022,6/10/2025,Completed,Entrepreneurship
MENT0419,ALU1269,ALU1466,5/5/2024,7/20/2025,Completed,Networking
MENT0420,ALU0549,ALU0143,1/17/2022,12/8/2022,Completed,Entrepreneurship
MENT0421,ALU0943,ALU0440,1/11/2022,10/30/2024,Completed,Networking
MENT0422,ALU0182,ALU1905,1/15/2022,10/9/2025,Active,Entrepreneurship
MENT0423,ALU1578,ALU0333,10/30/2022,12/2/2022,Completed,Graduate School Prep
MENT0424,ALU1228,ALU1192,12/18/2022,11/22/2023,Active,Entrepreneurship
MENT0425,ALU1357,ALU1673,7/22/2023,12/9/2023,Active,Entrepreneurship
MENT0426,ALU0115,ALU0918,7/8/2024,7/15/2025,Active,Leadership
MENT0427,ALU1105,ALU0222,11/16/2021,6/4/2022,Active,Graduate School Prep
MENT0428,ALU0907,ALU1667,6/22/2024,1/17/2025,Completed,Leadership
MENT0429,ALU0586,ALU1321,4/8/2022,2/18/2025,Active,Graduate School Prep
MENT0430,ALU0016,ALU1916,12/19/2021,8/22/2023,Completed,Graduate School Prep
MENT0431,ALU1687,ALU0730,7/10/2024,3/19/2025,Active,Career Guidance
MENT0432,ALU0759,ALU0590,7/31/2024,7/30/2025,Completed,Graduate School Prep
MENT0433,ALU0573,ALU1524,10/17/2022,7/22/2024,Active,Entrepreneurship
MENT0434,ALU1171,ALU1934,8/2/2024,1/12/2025,Active,Entrepreneurship
MENT0435,ALU1130,ALU1020,2/12/2023,6/28/2024,Active,Entrepreneurship
MENT0436,ALU0374,ALU0616,5/4/2022,12/9/2024,Active,Career Guidance
MENT0437,ALU0983,ALU1561,12/20/2021,5/5/2023,Active,Entrepreneurship
MENT0438,ALU0984,ALU1267,8/19/2022,8/24/2024,Active,Entrepreneurship
MENT0439,ALU0758,ALU0580,11/3/2023,3/26/2024,Active,Career Guidance
MENT0440,ALU0286,ALU1893,7/9/2024,9/3/2025,Completed,Entrepreneurship
MENT0441,ALU1667,ALU0490,4/2/2022,2/7/2024,Completed,Entrepreneurship
MENT0442,ALU1691,ALU1911,3/21/2023,5/22/2023,Active,Entrepreneurship
MENT0443,ALU0628,ALU0967,12/25/2023,7/21/2025,Completed,Entrepreneurship
MENT0444,ALU0349,ALU1412,8/23/2023,5/18/2024,Active,Entrepreneurship
MENT0445,ALU1218,ALU1148,1/1/2024,6/16/2025,Completed,Leadership
MENT0446,ALU0570,ALU0766,9/17/2022,6/27/2024,Completed,Entrepreneurship
MENT0447,ALU0063,ALU1936,10/16/2024,9/28/2025,Completed,Entrepreneurship
MENT0448,ALU0580,ALU1330,6/3/2022,7/6/2023,Active,Networking
MENT0449,ALU1428,ALU1629,4/30/2023,5/26/2023,Active,Leadership
MENT0450,ALU0299,ALU0152,12/1/2023,6/14/2025,Completed,Networking
MENT0451,ALU1681,ALU0782,4/18/2023,5/11/2025,Completed,Career Guidance
MENT0452,ALU1619,ALU1510,7/18/2023,8/11/2023,Active,Leadership
MENT0453,ALU0192,ALU1187,2/21/2022,9/25/2025,Completed,Graduate School Prep
MENT0454,ALU1334,ALU0905,7/3/2023,1/21/2025,Active,Entrepreneurship
MENT0455,ALU1954,ALU1421,10/3/2024,11/15/2024,Active,Leadership
MENT0456,ALU0269,ALU1480,7/26/2022,11/27/2022,Completed,Leadership
MENT0457,ALU0127,ALU1243,12/26/2021,9/19/2025,Completed,Graduate School Prep
MENT0458,ALU0887,ALU1866,9/4/2024,2/2/2025,Completed,Graduate School Prep
MENT0459,ALU1981,ALU1475,5/10/2023,11/24/2024,Active,Graduate School Prep
MENT0460,ALU1176,ALU0453,2/23/2023,11/9/2024,Active,Networking
MENT0461,ALU1766,ALU1702,3/11/2023,6/26/2025,Active,Career Guidance
MENT0462,ALU1983,ALU1020,6/20/2023,1/18/2024,Active,Career Guidance
MENT0463,ALU0428,ALU0485,3/27/2022,10/23/2024,Completed,Entrepreneurship
MENT0464,ALU0535,ALU0750,5/2/2022,3/11/2025,Active,Career Guidance
MENT0465,ALU1463,ALU1017,6/25/2023,6/8/2024,Completed,Leadership
MENT0466,ALU1040,ALU1377,5/29/2023,3/30/2024,Completed,Leadership
MENT0467,ALU0639,ALU0634,5/24/2024,5/30/2024,Completed,Networking
MENT0468,ALU1207,ALU0734,12/31/2021,4/3/2023,Active,Networking
MENT0469,ALU1972,ALU0999,3/31/2022,3/19/2023,Active,Graduate School Prep
MENT0470,ALU1904,ALU0845,7/16/2022,2/7/2024,Active,Career Guidance
MENT0471,ALU0676,ALU0995,2/19/2023,5/25/2025,Completed,Networking
MENT0472,ALU1046,ALU1832,7/2/2024,12/19/2024,Active,Entrepreneurship
MENT0473,ALU1427,ALU0869,6/11/2024,10/7/2025,Completed,Graduate School Prep
MENT0474,ALU0277,ALU0556,1/17/2022,1/26/2022,Completed,Entrepreneurship
MENT0475,ALU0901,ALU1073,3/17/2024,9/12/2024,Completed,Networking
MENT0476,ALU1391,ALU1335,10/7/2024,8/2/2025,Active,Entrepreneurship
MENT0477,ALU1820,ALU0672,9/2/2023,7/17/2025,Completed,Leadership
MENT0478,ALU0109,ALU1606,10/19/2024,7/26/2025,Completed,Career Guidance
MENT0479,ALU1540,ALU1930,8/23/2022,4/17/2025,Completed,Entrepreneurship
MENT0480,ALU1929,ALU1769,3/6/2023,3/22/2024,Active,Leadership
MENT0481,ALU1393,ALU0236,4/25/2024,9/16/2024,Completed,Networking
MENT0482,ALU1670,ALU1441,7/18/2023,10/11/2024,Active,Leadership
MENT0483,ALU1782,ALU1273,1/20/2024,3/15/2025,Completed,Leadership
MENT0484,ALU1142,ALU0792,8/3/2022,11/25/2022,Completed,Entrepreneurship
MENT0485,ALU1410,ALU1231,3/15/2023,7/4/2025,Completed,Networking
MENT0486,ALU0637,ALU1733,4/16/2024,10/13/2024,Completed,Graduate School Prep
MENT0487,ALU0066,ALU1039,7/16/2024,3/25/2025,Completed,Graduate School Prep
MENT0488,ALU1869,ALU0795,4/2/2024,7/7/2024,Active,Entrepreneurship
MENT0489,ALU1901,ALU0870,11/29/2023,3/6/2024,Completed,Leadership
MENT0490,ALU1716,ALU0746,2/12/2022,4/30/2025,Completed,Networking
MENT0491,ALU0603,ALU0006,1/8/2024,11/23/2024,Completed,Networking
MENT0492,ALU0084,ALU0665,9/5/2023,5/27/2024,Active,Graduate School Prep
MENT0493,ALU0361,ALU0731,12/1/2021,3/23/2024,Completed,Networking
MENT0494,ALU1873,ALU1570,3/22/2024,7/28/2025,Completed,Leadership
MENT0495,ALU1277,ALU0037,7/14/2024,4/24/2025,Active,Entrepreneurship
MENT0496,ALU1208,ALU1271,6/18/2024,11/22/2024,Active,Career Guidance
MENT0497,ALU1939,ALU0416,12/14/2022,2/27/2025,Completed,Networking
MENT0498,ALU0836,ALU1835,7/29/2022,9/13/2023,Active,Entrepreneurship
MENT0499,ALU1751,ALU0637,8/31/2024,10/11/2024,Active,Entrepreneurship
MENT0500,ALU0356,ALU1967,10/9/2022,9/20/2024,Completed,Graduate School Prep
MENT0501,ALU1912,ALU1139,9/5/2022,9/8/2025,Completed,Graduate School Prep
MENT0502,ALU0381,ALU1954,4/25/2023,12/29/2024,Completed,Graduate School Prep
MENT0503,ALU0848,ALU0231,5/6/2022,7/1/2023,Active,Networking
MENT0504,ALU0034,ALU1607,12/27/2022,10/11/2025,Active,Leadership
MENT0505,ALU0374,ALU0804,3/22/2023,7/26/2023,Completed,Career Guidance
MENT0506,ALU0265,ALU0238,3/4/2022,3/15/2022,Active,Graduate School Prep
MENT0507,ALU1528,ALU1935,4/6/2024,12/1/2024,Completed,Networking
MENT0508,ALU1366,ALU0005,4/27/2023,9/18/2024,Active,Career Guidance
MENT0509,ALU0072,ALU1340,5/7/2024,7/10/2025,Completed,Graduate School Prep
MENT0510,ALU0614,ALU1328,2/12/2022,9/7/2024,Active,Career Guidance
MENT0511,ALU0750,ALU0362,12/26/2022,7/19/2023,Completed,Career Guidance
MENT0512,ALU1740,ALU0898,11/12/2023,10/25/2025,Completed,Graduate School Prep
MENT0513,ALU1965,ALU0417,4/15/2024,8/6/2025,Active,Leadership
MENT0514,ALU1958,ALU1199,2/15/2022,1/24/2024,Active,Graduate School Prep
MENT0515,ALU0653,ALU1657,11/17/2022,3/30/2024,Completed,Leadership
MENT0516,ALU0716,ALU0246,1/5/2023,1/14/2024,Completed,Networking
MENT0517,ALU0663,ALU1333,6/11/2022,6/14/2025,Completed,Graduate School Prep
MENT0518,ALU1810,ALU0247,5/17/2024,11/8/2024,Completed,Graduate School Prep
MENT0519,ALU1253,ALU1313,9/8/2023,6/14/2025,Active,Leadership
MENT0520,ALU0519,ALU1148,11/25/2022,9/16/2023,Completed,Leadership
MENT0521,ALU1229,ALU0043,6/6/2024,4/25/2025,Completed,Networking
MENT0522,ALU0551,ALU1914,11/11/2022,6/4/2025,Active,Networking
MENT0523,ALU0208,ALU0330,7/27/2022,4/29/2023,Completed,Networking
MENT0524,ALU0971,ALU0521,6/23/2024,8/7/2024,Completed,Career Guidance
MENT0525,ALU0602,ALU1116,9/7/2024,10/17/2024,Active,Entrepreneurship
MENT0526,ALU0328,ALU1148,5/31/2023,9/17/2025,Active,Career Guidance
MENT0527,ALU0602,ALU0828,12/27/2021,1/23/2025,Active,Graduate School Prep
MENT0528,ALU1733,ALU0477,6/17/2024,2/6/2025,Completed,Career Guidance
MENT0529,ALU0917,ALU1276,12/31/2021,6/12/2024,Active,Graduate School Prep
MENT0530,ALU0104,ALU1721,3/13/2022,1/5/2023,Active,Graduate School Prep
MENT0531,ALU0771,ALU1101,1/27/2023,4/20/2023,Completed,Graduate School Prep
MENT0532,ALU0890,ALU0303,10/27/2023,1/31/2025,Completed,Leadership
MENT0533,ALU0005,ALU0312,3/23/2023,10/8/2024,Active,Networking
MENT0534,ALU1801,ALU0824,1/20/2023,1/5/2025,Active,Entrepreneurship
MENT0535,ALU1194,ALU0710,12/17/2021,2/10/2024,Active,Networking
MENT0536,ALU1595,ALU1859,5/8/2023,8/3/2023,Completed,Networking
MENT0537,ALU0111,ALU0158,4/17/2022,8/22/2024,Active,Leadership
MENT0538,ALU1644,ALU0725,9/8/2022,5/25/2023,Active,Networking
MENT0539,ALU0126,ALU0555,12/15/2021,10/23/2024,Active,Entrepreneurship
MENT0540,ALU0330,ALU1865,10/30/2022,9/27/2024,Completed,Networking
MENT0541,ALU1080,ALU0989,10/9/2024,4/19/2025,Completed,Graduate School Prep
MENT0542,ALU1016,ALU1648,7/27/2022,4/25/2024,Completed,Graduate School Prep
MENT0543,ALU0323,ALU0707,6/8/2024,7/4/2025,Completed,Leadership
MENT0544,ALU0899,ALU0379,3/31/2022,5/27/2025,Completed,Networking
MENT0545,ALU1895,ALU1864,5/28/2022,4/19/2024,Completed,Leadership
MENT0546,ALU1255,ALU0226,1/6/2022,2/3/2023,Active,Networking
MENT0547,ALU1050,ALU1574,12/18/2022,6/10/2025,Active,Entrepreneurship
MENT0548,ALU0339,ALU1145,2/19/2024,10/3/2025,Completed,Graduate School Prep
MENT0549,ALU1748,ALU1221,3/25/2024,9/20/2024,Active,Entrepreneurship
MENT0550,ALU0576,ALU0818,6/5/2024,6/26/2025,Completed,Entrepreneurship
MENT0551,ALU1914,ALU1335,8/15/2022,5/18/2023,Active,Career Guidance
MENT0552,ALU1089,ALU0066,1/25/2023,8/3/2023,Completed,Networking
MENT0553,ALU0695,ALU1862,4/21/2023,2/4/2024,Active,Career Guidance
MENT0554,ALU0727,ALU1740,4/24/2022,11/29/2024,Completed,Career Guidance
MENT0555,ALU0787,ALU1818,6/10/2022,6/30/2024,Completed,Networking
MENT0556,ALU1478,ALU1174,11/25/2023,12/7/2023,Completed,Career Guidance
MENT0557,ALU1701,ALU1850,8/4/2022,11/16/2022,Completed,Career Guidance
MENT0558,ALU0870,ALU1256,4/2/2022,9/18/2024,Completed,Graduate School Prep
MENT0559,ALU0537,ALU1721,10/23/2022,6/3/2025,Active,Graduate School Prep
MENT0560,ALU0414,ALU1758,11/11/2022,10/26/2023,Active,Networking
MENT0561,ALU1622,ALU0926,6/8/2022,2/23/2024,Active,Career Guidance
MENT0562,ALU1737,ALU0727,5/23/2023,7/3/2024,Active,Leadership
MENT0563,ALU0140,ALU1019,11/1/2022,5/24/2025,Completed,Entrepreneurship
MENT0564,ALU0391,ALU1470,7/21/2024,9/21/2025,Active,Career Guidance
MENT0565,ALU0119,ALU1715,8/17/2023,3/5/2024,Active,Leadership
MENT0566,ALU1376,ALU0362,5/19/2023,4/18/2024,Active,Entrepreneurship
MENT0567,ALU0350,ALU1761,1/5/2022,11/26/2023,Active,Entrepreneurship
MENT0568,ALU0474,ALU0580,10/30/2022,4/21/2025,Active,Entrepreneurship
MENT0569,ALU0283,ALU0110,10/18/2023,11/3/2023,Active,Entrepreneurship
MENT0570,ALU0497,ALU0967,8/4/2022,2/15/2023,Completed,Leadership
MENT0571,ALU0700,ALU0207,11/14/2021,6/20/2025,Active,Leadership
MENT0572,ALU0198,ALU1024,1/1/2022,3/25/2025,Active,Entrepreneurship
MENT0573,ALU1508,ALU1572,5/31/2022,10/23/2023,Active,Career Guidance
MENT0574,ALU0416,ALU0713,2/6/2024,5/16/2024,Active,Graduate School Prep
MENT0575,ALU1901,ALU0020,5/15/2022,7/30/2022,Active,Leadership
MENT0576,ALU0591,ALU0986,10/16/2024,9/25/2025,Active,Entrepreneurship
MENT0577,ALU0986,ALU0688,7/13/2022,8/9/2024,Completed,Career Guidance
MENT0578,ALU1484,ALU0910,9/3/2024,9/15/2024,Active,Career Guidance
MENT0579,ALU0190,ALU1543,6/27/2023,5/17/2025,Completed,Graduate School Prep
MENT0580,ALU0695,ALU0161,7/28/2024,9/6/2025,Active,Graduate School Prep
MENT0581,ALU0241,ALU0189,12/18/2022,3/8/2023,Completed,Entrepreneurship
MENT0582,ALU1027,ALU1176,4/30/2024,7/19/2024,Active,Entrepreneurship
MENT0583,ALU0862,ALU0681,5/11/2023,5/14/2023,Completed,Graduate School Prep
MENT0584,ALU0733,ALU1697,2/19/2022,4/28/2024,Active,Graduate School Prep
MENT0585,ALU1895,ALU1114,1/1/2023,1/15/2023,Active,Networking
MENT0586,ALU1159,ALU0393,7/11/2023,3/24/2024,Completed,Leadership
MENT0587,ALU0174,ALU1765,6/28/2022,10/29/2023,Active,Entrepreneurship
MENT0588,ALU1668,ALU0781,3/2/2024,5/4/2024,Active,Networking
MENT0589,ALU0759,ALU1547,4/2/2024,12/26/2024,Completed,Career Guidance
MENT0590,ALU1369,ALU1064,8/12/2022,10/29/2022,Completed,Leadership
MENT0591,ALU0275,ALU0431,7/3/2022,4/26/2023,Active,Leadership
MENT0592,ALU0869,ALU1475,10/17/2022,11/20/2022,Active,Entrepreneurship
MENT0593,ALU1414,ALU0908,4/20/2024,1/29/2025,Active,Career Guidance
MENT0594,ALU0119,ALU1618,10/19/2024,8/7/2025,Completed,Graduate School Prep
MENT0595,ALU0871,ALU0778,1/28/2024,8/19/2024,Active,Graduate School Prep
MENT0596,ALU1084,ALU0462,10/7/2024,6/11/2025,Active,Graduate School Prep
MENT0597,ALU1959,ALU1425,9/16/2024,9/7/2025,Completed,Entrepreneurship
MENT0598,ALU1307,ALU1330,9/9/2022,4/25/2025,Active,Graduate School Prep
MENT0599,ALU1988,ALU0741,1/13/2024,1/24/2024,Active,Career Guidance
MENT0600,ALU0783,ALU0418,11/26/2022,8/19/2024,Completed,Entrepreneurship
MENT0601,ALU1913,ALU0437,12/19/2023,11/7/2024,Completed,Leadership
MENT0602,ALU0297,ALU1751,4/29/2024,6/9/2024,Active,Career Guidance
MENT0603,ALU0599,ALU1059,4/30/2023,5/3/2025,Active,Career Guidance
MENT0604,ALU1071,ALU0995,4/6/2023,8/5/2025,Active,Career Guidance
MENT0605,ALU0448,ALU0839,10/8/2024,3/8/2025,Completed,Networking
MENT0606,ALU0666,ALU1982,7/8/2024,3/24/2025,Active,Leadership
MENT0607,ALU1387,ALU1072,1/12/2024,10/21/2024,Completed,Networking
MENT0608,ALU1605,ALU1127,9/30/2022,10/8/2024,Completed,Graduate School Prep
MENT0609,ALU0248,ALU1195,2/8/2024,8/17/2025,Completed,Career Guidance
MENT0610,ALU1085,ALU1192,5/24/2023,8/19/2023,Active,Entrepreneurship
MENT0611,ALU0482,ALU1035,2/13/2024,8/29/2024,Active,Career Guidance
MENT0612,ALU0171,ALU0871,1/21/2023,10/21/2024,Active,Leadership
MENT0613,ALU1924,ALU0037,9/27/2022,6/3/2023,Active,Entrepreneurship
MENT0614,ALU1700,ALU1823,1/13/2023,5/19/2025,Completed,Leadership
MENT0615,ALU0073,ALU1214,9/25/2023,1/17/2025,Completed,Entrepreneurship
MENT0616,ALU1987,ALU0624,5/4/2024,8/17/2025,Active,Entrepreneurship
MENT0617,ALU0206,ALU1719,9/22/2024,3/15/2025,Active,Graduate School Prep
MENT0618,ALU1951,ALU1182,9/27/2024,2/4/2025,Completed,Career Guidance
MENT0619,ALU1051,ALU1303,3/25/2022,9/1/2022,Completed,Networking
MENT0620,ALU0979,ALU0603,7/29/2024,10/5/2025,Completed,Entrepreneurship
MENT0621,ALU0127,ALU1383,5/21/2024,10/20/2024,Active,Leadership
MENT0622,ALU1007,ALU1568,7/30/2024,10/15/2025,Completed,Entrepreneurship
MENT0623,ALU1394,ALU1991,8/12/2024,10/14/2024,Completed,Leadership
MENT0624,ALU0606,ALU0117,3/28/2023,9/20/2025,Completed,Career Guidance
MENT0625,ALU0928,ALU0948,11/25/2022,3/29/2023,Completed,Entrepreneurship
MENT0626,ALU1304,ALU0694,7/18/2022,8/23/2022,Completed,Entrepreneurship
MENT0627,ALU0849,ALU1876,4/26/2022,10/23/2025,Completed,Networking
MENT0628,ALU1728,ALU0663,6/12/2023,8/1/2023,Active,Career Guidance
MENT0629,ALU1932,ALU1136,5/22/2023,12/15/2023,Completed,Entrepreneurship
MENT0630,ALU0983,ALU0703,12/30/2022,1/10/2024,Active,Career Guidance
MENT0631,ALU1401,ALU1166,8/5/2024,10/10/2024,Active,Leadership
MENT0632,ALU0401,ALU1400,3/10/2022,5/9/2024,Completed,Career Guidance
MENT0633,ALU1790,ALU1681,10/25/2022,5/23/2025,Completed,Career Guidance
MENT0634,ALU1617,ALU1461,2/1/2023,5/24/2025,Completed,Entrepreneurship
MENT0635,ALU1442,ALU0922,4/15/2022,2/10/2025,Completed,Networking
MENT0636,ALU0435,ALU0642,11/29/2025,12/5/2026,Active,Leadership
MENT0637,ALU0843,ALU1278,3/21/2024,9/19/2025,Completed,Entrepreneurship
MENT0638,ALU0097,ALU1621,8/8/2024,8/4/2025,Active,Networking
MENT0639,ALU0890,ALU1016,10/11/2024,9/3/2025,Completed,Career Guidance
MENT0640,ALU0730,ALU0989,4/6/2023,4/21/2023,Active,Graduate School Prep
MENT0641,ALU0650,ALU1947,10/27/2023,7/27/2025,Completed,Graduate School Prep
MENT0642,ALU0124,ALU1361,11/18/2022,5/2/2024,Completed,Entrepreneurship
MENT0643,ALU0003,ALU0270,8/2/2024,9/19/2025,Active,Graduate School Prep
MENT0644,ALU0297,ALU0075,10/19/2024,3/31/2025,Completed,Networking
MENT0645,ALU1126,ALU0175,2/6/2022,3/8/2022,Completed,Entrepreneurship
MENT0646,ALU0673,ALU0631,2/8/2023,7/19/2023,Active,Entrepreneurship
MENT0647,ALU1466,ALU1709,5/20/2023,10/17/2023,Completed,Entrepreneurship
MENT0648,ALU0960,ALU1649,5/8/2022,7/3/2025,Completed,Networking
MENT0649,ALU0516,ALU0559,12/14/2023,6/26/2025,Active,Entrepreneurship
MENT0650,ALU0360,ALU0881,12/29/2021,3/13/2025,Active,Entrepreneurship
MENT0651,ALU1683,ALU1837,12/23/2021,3/20/2025,Completed,Graduate School Prep
MENT0652,ALU0418,ALU0151,4/23/2024,5/20/2024,Active,Networking
MENT0653,ALU0231,ALU0465,7/30/2023,11/19/2023,Active,Graduate School Prep
MENT0654,ALU1507,ALU0503,4/1/2023,5/11/2024,Active,Networking
MENT0655,ALU1720,ALU0454,12/12/2021,2/16/2023,Active,Networking
MENT0656,ALU1249,ALU1310,6/3/2022,10/27/2024,Active,Leadership
MENT0657,ALU0320,ALU0912,11/21/2023,2/9/2024,Completed,Career Guidance
MENT0658,ALU0144,ALU0546,8/4/2022,1/16/2025,Active,Networking
MENT0659,ALU1207,ALU0510,9/30/2023,1/13/2025,Completed,Entrepreneurship
MENT0660,ALU0333,ALU0658,1/23/2022,3/5/2022,Active,Networking
MENT0661,ALU1870,ALU0970,2/24/2022,8/11/2025,Completed,Graduate School Prep
MENT0662,ALU0191,ALU0727,10/17/2023,10/30/2023,Completed,Graduate School Prep
MENT0663,ALU1119,ALU0160,7/7/2022,9/11/2023,Completed,Networking
MENT0664,ALU1760,ALU1717,2/19/2022,4/2/2023,Completed,Career Guidance
MENT0665,ALU1497,ALU0812,11/27/2023,6/22/2025,Completed,Career Guidance
MENT0666,ALU1419,ALU0887,11/5/2021,7/6/2025,Completed,Entrepreneurship
MENT0667,ALU0062,ALU1474,2/21/2024,5/1/2025,Completed,Career Guidance
MENT0668,ALU0263,ALU1317,8/9/2024,10/10/2025,Completed,Entrepreneurship
MENT0669,ALU0593,ALU0386,7/5/2024,1/5/2025,Active,Leadership
MENT0670,ALU0391,ALU1997,9/22/2024,11/3/2024,Completed,Graduate School Prep
MENT0671,ALU1748,ALU0115,4/16/2023,6/8/2025,Completed,Career Guidance
MENT0672,ALU0932,ALU1765,2/5/2022,9/18/2025,Active,Graduate School Prep
MENT0673,ALU1007,ALU0121,4/14/2022,9/13/2023,Completed,Entrepreneurship
MENT0674,ALU1163,ALU0836,1/10/2023,5/4/2024,Completed,Leadership
MENT0675,ALU1025,ALU0030,1/2/2022,7/18/2023,Active,Career Guidance
MENT0676,ALU1678,ALU0555,11/3/2021,6/3/2022,Completed,Networking
MENT0677,ALU1182,ALU0410,9/19/2024,11/4/2024,Active,Networking
MENT0678,ALU1820,ALU1531,10/28/2022,12/22/2024,Active,Leadership
MENT0679,ALU0926,ALU1883,6/14/2022,6/11/2025,Active,Graduate School Prep
MENT0680,ALU0899,ALU0434,11/19/2021,8/15/2022,Completed,Networking
MENT0681,ALU0991,ALU0737,4/26/2022,2/27/2025,Completed,Leadership
MENT0682,ALU0268,ALU0183,7/12/2022,4/30/2024,Completed,Networking
MENT0683,ALU0602,ALU0681,10/2/2024,1/12/2025,Completed,Leadership
MENT0684,ALU0836,ALU1645,2/19/2023,8/31/2024,Active,Networking
MENT0685,ALU0138,ALU1217,5/2/2022,1/7/2023,Active,Graduate School Prep
MENT0686,ALU1836,ALU1214,1/17/2024,5/14/2025,Completed,Networking
MENT0687,ALU1222,ALU1161,1/15/2022,7/28/2024,Completed,Networking
MENT0688,ALU0353,ALU1246,4/28/2023,7/28/2024,Active,Leadership
MENT0689,ALU1677,ALU1463,5/6/2024,7/28/2025,Completed,Entrepreneurship
MENT0690,ALU0927,ALU1808,6/1/2024,6/19/2024,Active,Leadership
MENT0691,ALU0551,ALU0917,3/28/2023,8/11/2023,Completed,Networking
MENT0692,ALU0559,ALU0095,3/14/2022,7/28/2023,Completed,Leadership
MENT0693,ALU1504,ALU1544,4/28/2022,10/12/2025,Active,Career Guidance
MENT0694,ALU0339,ALU1112,8/3/2023,10/8/2025,Active,Entrepreneurship
MENT0695,ALU1435,ALU0689,6/28/2023,4/13/2024,Active,Career Guidance
MENT0696,ALU1681,ALU1532,10/16/2024,6/13/2025,Active,Graduate School Prep
MENT0697,ALU1483,ALU0475,12/20/2022,2/10/2025,Completed,Entrepreneurship
MENT0698,ALU0304,ALU1517,3/16/2024,6/3/2024,Active,Leadership
MENT0699,ALU1284,ALU0864,8/15/2024,7/27/2025,Active,Entrepreneurship
MENT0700,ALU1085,ALU1184,8/12/2022,5/28/2023,Active,Leadership
MENT0701,ALU0593,ALU1495,9/10/2022,5/11/2024,Active,Entrepreneurship
MENT0702,ALU0087,ALU1395,6/26/2022,5/18/2025,Active,Leadership
MENT0703,ALU0831,ALU1309,11/23/2021,9/18/2025,Active,Graduate School Prep
MENT0704,ALU0300,ALU0262,7/21/2024,8/18/2024,Completed,Leadership
MENT0705,ALU1419,ALU0680,2/27/2025,10/9/2024,Completed,Networking
MENT0706,ALU0588,ALU1769,3/7/2023,7/14/2024,Completed,Entrepreneurship
MENT0707,ALU0487,ALU0378,10/26/2025,11/1/2022,Completed,Career Guidance
MENT0708,ALU1588,ALU0055,2/16/2022,2/4/2023,Active,Networking
MENT0709,ALU0577,ALU1485,10/29/2023,11/14/2023,Completed,Career Guidance
MENT0710,ALU0719,ALU1549,6/10/2023,1/4/2025,Completed,Leadership
MENT0711,ALU1166,ALU1315,9/29/2022,9/17/2024,Active,Graduate School Prep
MENT0712,ALU1060,ALU1525,1/28/2022,2/1/2025,Active,Career Guidance
MENT0713,ALU0973,ALU1145,4/28/2022,10/13/2023,Active,Leadership
MENT0714,ALU1983,ALU0978,12/22/2021,12/6/2023,Completed,Networking
MENT0715,ALU1944,ALU0366,12/16/2023,9/14/2024,Completed,Career Guidance
MENT0716,ALU0387,ALU0128,12/16/2022,6/30/2025,Completed,Entrepreneurship
MENT0717,ALU1378,ALU1097,8/3/2024,5/14/2025,Completed,Networking
MENT0718,ALU1187,ALU1306,4/8/2024,5/28/2024,Completed,Graduate School Prep
MENT0719,ALU0374,ALU1897,11/22/2023,6/26/2025,Completed,Networking
MENT0720,ALU1048,ALU1270,1/24/2022,3/5/2022,Completed,Networking
MENT0721,ALU1402,ALU0027,1/11/2023,5/10/2025,Active,Leadership
MENT0722,ALU0988,ALU1480,7/27/2023,9/25/2023,Completed,Career Guidance
MENT0723,ALU0891,ALU1094,7/9/2023,7/28/2025,Completed,Career Guidance
MENT0724,ALU0270,ALU0806,1/4/2022,7/14/2024,Completed,Career Guidance
MENT0725,ALU0984,ALU1598,12/12/2021,4/12/2024,Completed,Entrepreneurship
MENT0726,ALU0350,ALU1829,7/16/2022,2/5/2025,Completed,Entrepreneurship
MENT0727,ALU1745,ALU1071,9/13/2024,6/21/2025,Completed,Entrepreneurship
MENT0728,ALU1426,ALU1030,1/15/2024,6/2/2025,Active,Leadership
MENT0729,ALU0639,ALU1223,9/3/2024,1/2/2025,Active,Networking
MENT0730,ALU1175,ALU1127,10/12/2024,2/16/2025,Active,Networking
MENT0731,ALU0042,ALU1041,4/26/2023,4/24/2024,Active,Graduate School Prep
MENT0732,ALU1296,ALU1987,1/2/2023,1/6/2025,Completed,Graduate School Prep
MENT0733,ALU1932,ALU1669,8/3/2023,12/17/2023,Completed,Graduate School Prep
MENT0734,ALU1244,ALU0123,3/8/2022,3/2/2023,Active,Leadership
MENT0735,ALU0441,ALU0833,10/22/2022,11/19/2024,Active,Leadership
MENT0736,ALU0852,ALU1762,9/12/2022,3/13/2024,Completed,Entrepreneurship
MENT0737,ALU1818,ALU1041,12/10/2023,2/17/2025,Active,Networking
MENT0738,ALU0737,ALU1519,10/22/2024,6/15/2025,Active,Entrepreneurship
MENT0739,ALU1603,ALU1604,8/4/2024,7/23/2025,Completed,Networking
MENT0740,ALU0020,ALU0687,11/1/2021,5/14/2024,Active,Leadership
MENT0741,ALU0886,ALU1372,5/30/2023,4/22/2025,Active,Career Guidance
MENT0742,ALU0620,ALU1275,10/29/2022,9/17/2024,Active,Entrepreneurship
MENT0743,ALU1088,ALU1948,11/13/2022,5/5/2025,Completed,Leadership
MENT0744,ALU1053,ALU0947,10/24/2024,8/29/2025,Completed,Networking
MENT0745,ALU1350,ALU0481,12/3/2023,5/28/2025,Completed,Networking
MENT0746,ALU0621,ALU0956,11/8/2021,3/19/2024,Completed,Career Guidance
MENT0747,ALU1490,ALU1311,5/23/2023,6/11/2024,Active,Career Guidance
MENT0748,ALU0324,ALU0002,5/18/2024,9/16/2024,Completed,Graduate School Prep
MENT0749,ALU1858,ALU0821,3/30/2024,12/11/2024,Active,Networking
MENT0750,ALU0873,ALU0705,8/23/2024,9/17/2024,Active,Networking
MENT0751,ALU0728,ALU0175,7/1/2024,10/16/2024,Active,Career Guidance
MENT0752,ALU0169,ALU0829,9/12/2022,11/24/2024,Active,Career Guidance
MENT0753,ALU1343,ALU0412,4/16/2022,4/11/2025,Completed,Career Guidance
MENT0754,ALU0100,ALU1264,5/10/2023,7/9/2024,Completed,Graduate School Prep
MENT0755,ALU0089,ALU0729,4/17/2023,5/7/2023,Active,Graduate School Prep
MENT0756,ALU0645,ALU0204,9/7/2023,12/19/2023,Active,Networking
MENT0757,ALU1020,ALU1700,6/15/2024,10/19/2024,Completed,Leadership
MENT0758,ALU0516,ALU0456,1/11/2024,5/1/2024,Active,Graduate School Prep
MENT0759,ALU0809,ALU1947,7/11/2023,10/2/2023,Completed,Networking
MENT0760,ALU0715,ALU1765,6/8/2022,12/29/2023,Completed,Entrepreneurship
MENT0761,ALU0935,ALU0575,2/14/2024,3/16/2025,Active,Networking
MENT0762,ALU0990,ALU1922,5/12/2023,1/20/2025,Completed,Graduate School Prep
MENT0763,ALU1533,ALU1480,9/23/2022,2/5/2023,Completed,Entrepreneurship
MENT0764,ALU1098,ALU0625,9/22/2024,10/9/2024,Completed,Entrepreneurship
MENT0765,ALU0004,ALU0631,2/24/2022,10/9/2024,Completed,Entrepreneurship
MENT0766,ALU1727,ALU0902,4/6/2024,5/15/2025,Active,Career Guidance
MENT0767,ALU0752,ALU0733,9/5/2022,9/10/2023,Active,Graduate School Prep
MENT0768,ALU1720,ALU1821,3/9/2023,7/13/2024,Completed,Entrepreneurship
MENT0769,ALU1717,ALU0597,11/12/2021,6/26/2024,Completed,Entrepreneurship
MENT0770,ALU1043,ALU0537,4/4/2024,12/9/2024,Completed,Graduate School Prep
MENT0771,ALU1326,ALU1261,4/20/2023,3/3/2024,Completed,Leadership
MENT0772,ALU1939,ALU0706,9/13/2023,7/22/2025,Active,Career Guidance
MENT0773,ALU0213,ALU1645,7/26/2023,10/27/2023,Active,Career Guidance
MENT0774,ALU0790,ALU0499,10/20/2024,11/7/2024,Active,Career Guidance
MENT0775,ALU1855,ALU0113,7/9/2022,7/17/2022,Active,Entrepreneurship
MENT0776,ALU1147,ALU0908,10/6/2022,11/21/2022,Active,Leadership
MENT0777,ALU1602,ALU0526,3/9/2022,6/17/2024,Active,Networking
MENT0778,ALU1167,ALU1845,5/22/2023,1/15/2024,Active,Graduate School Prep
MENT0779,ALU0947,ALU0498,9/23/2022,7/1/2025,Active,Leadership
MENT0780,ALU0194,ALU1929,7/30/2022,4/5/2025,Completed,Entrepreneurship
MENT0781,ALU0395,ALU0988,9/11/2024,4/4/2025,Completed,Graduate School Prep
MENT0782,ALU0497,ALU0297,11/5/2023,1/15/2025,Active,Graduate School Prep
MENT0783,ALU1335,ALU0608,3/12/2022,5/29/2023,Completed,Entrepreneurship
MENT0784,ALU1938,ALU1143,5/27/2024,5/25/2025,Active,Leadership
MENT0785,ALU1443,ALU1249,2/27/2022,6/4/2022,Completed,Career Guidance
MENT0786,ALU1906,ALU0195,11/10/2021,11/2/2023,Active,Entrepreneurship
MENT0787,ALU1832,ALU0576,12/17/2021,6/30/2023,Completed,Career Guidance
MENT0788,ALU1571,ALU1941,11/9/2023,5/7/2024,Active,Entrepreneurship
MENT0789,ALU1624,ALU1151,5/4/2023,12/27/2023,Completed,Career Guidance
MENT0790,ALU0335,ALU1645,5/7/2023,7/8/2023,Active,Leadership
MENT0791,ALU1929,ALU1327,12/11/2021,9/24/2025,Active,Networking
MENT0792,ALU0332,ALU1942,11/13/2025,10/31/2023,Active,Graduate School Prep
MENT0793,ALU0553,ALU1156,3/24/2023,2/24/2024,Active,Leadership
MENT0794,ALU0765,ALU1617,6/9/2022,8/22/2025,Completed,Entrepreneurship
MENT0795,ALU0784,ALU0972,2/2/2024,10/26/2024,Completed,Career Guidance
MENT0796,ALU1107,ALU0575,1/22/2022,3/4/2024,Active,Leadership
MENT0797,ALU1519,ALU0071,1/29/2025,10/5/2024,Active,Leadership
MENT0798,ALU0446,ALU1336,5/25/2025,9/29/2025,Completed,Entrepreneurship
MENT0799,ALU1302,ALU1238,7/13/2024,7/31/2025,Completed,Career Guidance
MENT0800,ALU0281,ALU1242,4/14/2024,3/29/2025,Active,Networking
